timestamp,temp_mean,temp_std,temp_rate,vib_rms,vib_peak,vib_kurtosis
2026-07-23 22:55:33,4.013230800628662,0.15539832413196564,0.19384640455245972,0.4326635003089905,0.4934000074863434,2.8159894943237305
2026-07-23 22:55:43,3.975153923034668,0.13063296675682068,-0.19384607672691345,0.43977805972099304,0.48659998178482056,0.9726459980010986
2026-07-23 22:55:53,3.929076910018921,0.11901678889989853,-0.6415383815765381,0.4511873722076416,0.48659998178482056,1.2831425666809082
2026-07-23 22:56:04,3.947538375854492,0.1365399956703186,0.5446153283119202,0.43026790022850037,0.45500001311302185,3.6640987396240234
2026-07-23 22:56:14,4.009461402893066,0.12883208692073822,0.4938461184501648,0.4299333393573761,0.44600000977516174,2.101489305496216
2026-07-23 22:56:24,4.104538440704346,0.08646305650472641,-0.4799998700618744,0.44311976432800293,0.45680001378059387,1.9476265907287598
2026-07-23 22:56:34,4.029538631439209,0.122956283390522,0.055384453386068344,0.4505990147590637,0.4674000144004822,4.369220733642578
2026-07-23 22:56:44,3.981153964996338,0.12329971790313721,-0.8630769848823547,0.4580383598804474,0.4690000116825104,2.4798524379730225
2026-07-23 22:56:54,3.968846082687378,0.11858288198709488,0.46615394949913025,0.4793195426464081,0.5011999607086182,0.9582775831222534
2026-07-23 22:57:04,4.018615245819092,0.11815866827964783,0.3276922106742859,0.47176405787467957,0.5011999607086182,1.4887324571609497
2026-07-23 22:57:14,4.080384731292725,0.07824817299842834,0.3000001609325409,0.4422775208950043,0.48980000615119934,4.360422134399414
2026-07-23 22:57:24,4.040846347808838,0.08623257279396057,-0.1523078829050064,0.43585851788520813,0.46939998865127563,4.104065418243408
2026-07-23 22:57:34,3.9584615230560303,0.11941048502922058,-0.5907692313194275,0.45741012692451477,0.49459999799728394,2.547034740447998
2026-07-23 22:57:44,3.9236154556274414,0.13181224465370178,-0.3923076391220093,0.47175538539886475,0.49459999799728394,3.7615675926208496
2026-07-23 22:57:54,3.8880770206451416,0.12454283237457275,0.16615401208400726,0.494158536195755,0.5410000085830688,2.345280647277832
2026-07-23 22:58:05,3.9756152629852295,0.13861183822155,0.027692390605807304,0.4887363910675049,0.5410000085830688,1.5080701112747192
2026-07-23 22:58:15,4.0316925048828125,0.09927226603031158,-0.04615391045808792,0.45060795545578003,0.5134000182151794,6.346237659454346
2026-07-23 22:58:25,4.014846324920654,0.10241121053695679,-0.9046156406402588,0.4505869150161743,0.487199991941452,1.8118445873260498
2026-07-23 22:58:35,3.917076826095581,0.08386295288801193,-0.18461543321609497,0.45744746923446655,0.487199991941452,2.1213409900665283
2026-07-23 22:58:45,3.9494614601135254,0.1010827049612999,-0.35538437962532043,0.4476543962955475,0.487199991941452,3.417874813079834
2026-07-23 22:58:55,4.008230686187744,0.10293587297201157,0.7523078322410583,0.44592204689979553,0.4740000069141388,1.9177613258361816
2026-07-23 22:59:05,4.039923191070557,0.07645907998085022,0.14769227802753448,0.4612344801425934,0.4820000231266022,3.534534215927124
2026-07-23 22:59:15,4.091538429260254,0.10933125019073486,0.11538461595773697,0.47534987330436707,0.48840001225471497,1.5866026878356934
2026-07-23 22:59:25,4.100461483001709,0.10351856052875519,0.42461496591567993,0.4764508306980133,0.48840001225471497,1.8296335935592651
2026-07-23 22:59:35,4.081230640411377,0.11425892263650894,-0.6738463044166565,0.46519628167152405,0.4798000156879425,2.792036294937134
2026-07-23 22:59:45,4.058538436889648,0.12448856979608536,-0.24923086166381836,0.4612179696559906,0.4798000156879425,2.783541440963745
2026-07-23 22:59:55,3.983076810836792,0.0958063006401062,0.07846168428659439,0.4526141583919525,0.4690000116825104,1.944283366203308
2026-07-23 23:00:05,4.052000045776367,0.10208143293857574,-0.18461553752422333,0.4484904110431671,0.4690000116825104,3.833679676055908
2026-07-23 23:00:16,4.068692207336426,0.09800303727388382,0.2584616243839264,0.45657986402511597,0.47780001163482666,1.4725794792175293
2026-07-23 23:00:26,4.0783843994140625,0.12563562393188477,-0.27692291140556335,0.4578062891960144,0.47780001163482666,1.9014415740966797
2026-07-23 23:00:36,4.012538433074951,0.1292862743139267,-0.5123075246810913,0.44518449902534485,0.47780001163482666,2.674219846725464
2026-07-23 23:00:46,3.9494614601135254,0.09470531344413757,-0.28615400195121765,0.43646860122680664,0.4585999846458435,4.302249908447266
2026-07-23 23:00:56,3.9485385417938232,0.06466376781463623,0.17076939344406128,0.4444757103919983,0.46540001034736633,2.316152572631836
2026-07-23 23:01:06,3.9876153469085693,0.08899962157011032,-0.33692318201065063,0.4456850290298462,0.46540001034736633,1.7044215202331543
2026-07-23 23:01:16,3.951923131942749,0.13364993035793304,0.10615385323762894,0.43022221326828003,0.45559999346733093,3.310109853744507
2026-07-23 23:01:26,3.976769208908081,0.1703607738018036,-0.07384641468524933,0.4179210662841797,0.43959999084472656,2.5820324420928955
2026-07-23 23:01:36,4.0628461837768555,0.163808673620224,0.6738461852073669,0.4156825542449951,0.43140000104904175,3.040511131286621
2026-07-23 23:01:46,4.103153705596924,0.11168384552001953,-0.04615391045808792,0.43653252720832825,0.4593999981880188,1.0585870742797852
2026-07-23 23:01:56,4.08353853225708,0.0777219906449318,-0.14307712018489838,0.46125927567481995,0.4869999885559082,2.3494980335235596
2026-07-23 23:02:07,4.045230865478516,0.10994134843349457,-0.604615330696106,0.46578770875930786,0.4869999885559082,1.3039305210113525
2026-07-23 23:02:17,3.987461566925049,0.09814206510782242,-0.3830769956111908,0.4634508490562439,0.4851999878883362,2.3468680381774902
2026-07-23 23:02:27,3.936000108718872,0.09825398027896881,0.05538467317819595,0.4570198655128479,0.4724000096321106,1.827019214630127
2026-07-23 23:02:37,3.9089999198913574,0.10019710659980774,0.3738461136817932,0.447719007730484,0.4706000089645386,2.2193543910980225
2026-07-23 23:02:47,4.015538692474365,0.19658569991588593,0.0276922807097435,0.4539661407470703,0.4819999933242798,1.7682948112487793
2026-07-23 23:02:57,3.983384609222412,0.22489367425441742,0.9276926517486572,0.4579589366912842,0.4819999933242798,1.6778042316436768
2026-07-23 23:03:07,4.061692237854004,0.2409958392381668,-0.4015384018421173,0.4388461112976074,0.4498000144958496,1.125610113143921
2026-07-23 23:03:17,4.0519232749938965,0.21637040376663208,0.6923075914382935,0.4356610178947449,0.4498000144958496,1.1041837930679321
2026-07-23 23:03:27,4.02400016784668,0.19714266061782837,-1.523077130317688,0.43980294466018677,0.45579999685287476,2.2507402896881104
2026-07-23 23:03:37,3.9403076171875,0.10803800821304321,0.45692285895347595,0.4439533054828644,0.45579999685287476,2.5042295455932617
2026-07-23 23:03:47,3.8943846225738525,0.12840324640274048,0.18461543321609497,0.45024117827415466,0.4781999886035919,2.926914691925049
2026-07-23 23:03:57,3.9284615516662598,0.13229723274707794,-0.5492309331893921,0.46000105142593384,0.47839999198913574,2.6717450618743896
2026-07-23 23:04:07,3.9298460483551025,0.11811588704586029,0.3184615671634674,0.45790451765060425,0.47839999198913574,2.338391065597534
2026-07-23 23:04:18,3.9288461208343506,0.09028874337673187,0.17076951265335083,0.4345152676105499,0.4643999934196472,1.9982173442840576
2026-07-23 23:04:28,3.9352307319641113,0.0867624282836914,-0.0692305937409401,0.43526241183280945,0.4702000021934509,2.9745521545410156
2026-07-23 23:04:38,3.9729230403900146,0.14011889696121216,-0.06000027433037758,0.45533517003059387,0.47099998593330383,1.4961413145065308
2026-07-23 23:05:31,3.895615339279175,0.07520641386508942,-0.046154022216796875,0.44608569145202637,0.503600001335144,3.5670323371887207
2026-07-23 23:05:41,3.902230739593506,0.11012905091047287,0.2076922208070755,0.46769359707832336,0.503600001335144,4.316330909729004
2026-07-23 23:05:51,3.9639999866485596,0.16410504281520844,0.8492307066917419,0.4676406681537628,0.503600001335144,3.6235578060150146
2026-07-23 23:06:01,4.039615154266357,0.1810711771249771,0.5030769109725952,0.4470687508583069,0.4702000021934509,1.776891827583313
2026-07-23 23:06:11,4.05946159362793,0.13402128219604492,-0.10153858363628387,0.441893607378006,0.4580000042915344,3.13136625289917
2026-07-23 23:06:21,3.976769208908081,0.06422094255685806,-0.30461519956588745,0.45854538679122925,0.483599990606308,1.8232778310775757
2026-07-23 23:07:09,3.9584615230560303,0.1220722496509552,0.5492309331893921,0.4448555111885071,0.4862000048160553,2.375068426132202
2026-07-23 23:07:19,4.028230667114258,0.1403033584356308,-0.2815384268760681,0.4571807384490967,0.4862000048160553,1.6773886680603027
2026-07-23 23:07:29,4.033999919891357,0.13666018843650818,-0.4199999272823334,0.4586898982524872,0.4780000150203705,1.8958330154418945
2026-07-23 23:07:39,3.9447693824768066,0.1334582418203354,-0.7015384435653687,0.4522586762905121,0.4722000062465668,1.675461769104004
2026-07-23 23:07:49,3.966769218444824,0.11205363273620605,-0.07846157252788544,0.4473348557949066,0.4722000062465668,1.8287211656570435
2026-07-23 23:08:00,4.013000011444092,0.11702363938093185,0.4661538302898407,0.43990468978881836,0.4620000123977661,2.3701047897338867
2026-07-23 23:08:10,4.014307498931885,0.11183048784732819,-0.6876921057701111,0.4361984431743622,0.4620000123977661,3.648688316345215
2026-07-23 23:08:20,3.9779231548309326,0.10763825476169586,-0.027692390605807304,0.43779459595680237,0.4618000090122223,2.8049585819244385
2026-07-23 23:08:30,3.981384515762329,0.13008607923984528,-0.41076895594596863,0.463053435087204,0.49320000410079956,2.0049946308135986
2026-07-23 23:08:40,3.961538553237915,0.14073355495929718,0.009230650030076504,0.4521552324295044,0.49320000410079956,1.3266470432281494
2026-07-23 23:08:50,3.9700000286102295,0.12356871366500854,-0.3369227647781372,0.4300026297569275,0.46880000829696655,2.459662437438965
2026-07-23 23:09:00,3.974769353866577,0.113459013402462,-0.1800001561641693,0.43760478496551514,0.46860000491142273,2.6815507411956787
2026-07-23 23:09:10,3.949615478515625,0.12488889694213867,0.244615375995636,0.44566991925239563,0.46860000491142273,2.9800055027008057
2026-07-23 23:09:20,3.9262306690216064,0.17638970911502838,-0.7984615564346313,0.4415203630924225,0.4575999975204468,4.173164367675781
2026-07-23 23:09:30,3.929692268371582,0.18691149353981018,-0.30461564660072327,0.4456481337547302,0.46160000562667847,3.0227274894714355
2026-07-23 23:09:40,3.8980000019073486,0.14602422714233398,0.018461409956216812,0.45385047793388367,0.4666000008583069,2.384979248046875
2026-07-23 23:09:50,3.9892306327819824,0.11756644397974014,-0.059999942779541016,0.46431979537010193,0.4867999851703644,3.3185412883758545
2026-07-23 23:10:00,4.021307468414307,0.12652266025543213,-0.5630768537521362,0.4710421860218048,0.4888000190258026,1.7329708337783813
2026-07-23 23:10:10,4.031846046447754,0.15232448279857635,-0.281538188457489,0.4773170053958893,0.49779999256134033,3.165400266647339
2026-07-23 23:10:21,3.983153820037842,0.14416997134685516,-0.3600001931190491,0.46588554978370667,0.49779999256134033,3.1792914867401123
2026-07-23 23:10:31,3.9868462085723877,0.1228497251868248,-0.3923076391220093,0.44232770800590515,0.49779999256134033,2.948056936264038
2026-07-23 23:10:41,3.945307731628418,0.0871637612581253,-0.3692307472229004,0.43383845686912537,0.4699999988079071,3.5171642303466797
2026-07-23 23:10:51,3.9786155223846436,0.08724460005760193,0.5030769109725952,0.45107632875442505,0.47839999198913574,1.3436156511306763
2026-07-23 23:11:01,3.979692220687866,0.09403551369905472,0.627692461013794,0.44922035932540894,0.47839999198913574,2.628352403640747
2026-07-23 23:11:11,4.007923126220703,0.09672242403030396,0.032307662069797516,0.41646242141723633,0.45320001244544983,1.1681820154190063
2026-07-23 23:11:21,4.059384822845459,0.10248719900846481,0.2169230878353119,0.41312503814697266,0.4564000070095062,2.0080924034118652
2026-07-23 23:11:31,4.054153919219971,0.11212897300720215,0.31384608149528503,0.4306093156337738,0.4564000070095062,6.391269683837891
2026-07-23 23:11:41,4.026769161224365,0.1256651133298874,-0.4846158027648926,0.4309774935245514,0.4564000070095062,3.8190441131591797
2026-07-23 23:11:51,4.008384704589844,0.11862548440694809,-0.31384608149528503,0.4361792802810669,0.46140000224113464,1.6842225790023804
2026-07-23 23:12:01,4.005461692810059,0.10185442119836807,0.24923096597194672,0.45233604311943054,0.4896000027656555,4.796102523803711
2026-07-23 23:12:12,4.039230823516846,0.1583181470632553,-0.18461520969867706,0.4464648962020874,0.4896000027656555,3.508340358734131
2026-07-23 23:12:22,4.081153869628906,0.1740867644548416,0.664615273475647,0.44423219561576843,0.4896000027656555,3.661681652069092
2026-07-23 23:12:32,4.077230930328369,0.1405528336763382,-0.2584611773490906,0.44307979941368103,0.46380001306533813,3.7351014614105225
2026-07-23 23:12:42,4.079384803771973,0.1391996443271637,-0.19846123456954956,0.4541836082935333,0.4780000150203705,3.0598928928375244
2026-07-23 23:12:52,3.998076915740967,0.11710413545370102,-0.3507691025733948,0.45597633719444275,0.4780000150203705,2.7855610847473145
2026-07-24 21:04:08,4.015461444854736,0.11940564215183258,0.6646152138710022,0.4463333487510681,0.47200000286102295,5.889473915100098
2026-07-24 21:04:18,4.009230613708496,0.13890014588832855,0.2076924443244934,0.4569184482097626,0.4896000027656555,1.7345322370529175
2026-07-24 21:04:28,4.0509233474731445,0.12667854130268097,0.036922600120306015,0.45232388377189636,0.4896000027656555,1.421528935432434
2026-07-24 21:04:38,4.044461727142334,0.11713148653507233,0.3738461136817932,0.4320465922355652,0.4560000002384186,2.488110065460205
2026-07-24 21:04:48,4.083846092224121,0.1125466376543045,-0.7707692384719849,0.43476149439811707,0.4560000002384186,2.198716640472412
2026-07-24 21:04:58,4.0130767822265625,0.14828167855739594,-1.0523077249526978,0.45462337136268616,0.4901999831199646,2.478860855102539
2026-07-24 21:05:08,3.960615396499634,0.17460793256759644,-0.06923092156648636,0.45914125442504883,0.4901999831199646,2.682605266571045
2026-07-24 21:05:18,3.9311537742614746,0.19544124603271484,-0.4984612762928009,0.4702662527561188,0.5022000074386597,2.1352081298828125
2026-07-24 21:05:28,4.048615455627441,0.19215519726276398,0.05538467317819595,0.4686373174190521,0.5022000074386597,2.0889689922332764
2026-07-24 21:05:38,3.998307704925537,0.1739705502986908,-0.16615380346775055,0.46881163120269775,0.4896000027656555,2.076693058013916
2026-07-24 21:05:48,3.9997692108154297,0.15131457149982452,-0.26307690143585205,0.4599469006061554,0.4896000027656555,1.111649990081787
2026-07-24 21:05:58,3.962230682373047,0.13010448217391968,0.18461553752422333,0.4514787793159485,0.4854000210762024,5.494284152984619
2026-07-24 21:06:08,3.9445385932922363,0.13133113086223602,0.19384607672691345,0.44467994570732117,0.45680001378059387,2.0764548778533936
2026-07-24 21:06:19,3.9210000038146973,0.10586532205343246,0.484615683555603,0.44030845165252686,0.4652000069618225,3.075948715209961
2026-07-24 21:06:29,4.024384498596191,0.15115047991275787,0.6646153926849365,0.44659268856048584,0.4731999933719635,1.76642906665802
2026-07-24 21:06:39,4.0625386238098145,0.13527700304985046,-0.09692331403493881,0.46076107025146484,0.4763999879360199,2.13061261177063
2026-07-24 21:06:49,3.998307704925537,0.13905471563339233,-0.5769231915473938,0.4762738049030304,0.5,2.5923595428466797
2026-07-24 21:06:59,3.9478461742401123,0.10881306976079941,0.2030770629644394,0.48372533917427063,0.5,3.8842432498931885
2026-07-24 21:07:09,3.9968461990356445,0.1091930940747261,0.8446154594421387,0.47876331210136414,0.49480000138282776,2.156118869781494
2026-07-24 21:07:19,4.111307621002197,0.0881902426481247,0.47538450360298157,0.4567513167858124,0.4796000123023987,1.3726316690444946
2026-07-24 21:07:29,4.1066155433654785,0.10104647278785706,0.18000005185604095,0.44630417227745056,0.45879998803138733,1.553736686706543
2026-07-24 21:07:39,4.080923080444336,0.1319851130247116,-0.15692292153835297,0.44410282373428345,0.460999995470047,2.0990920066833496
2026-07-24 21:07:49,4.003538608551025,0.13904985785484314,-0.09230760484933853,0.4300456643104553,0.460999995470047,1.8820635080337524
2026-07-24 21:07:59,4.009077072143555,0.1300925314426422,0.06461554020643234,0.42104193568229675,0.44020000100135803,2.2596888542175293
2026-07-24 21:08:10,4.020999908447266,0.12518447637557983,0.20769232511520386,0.4349207282066345,0.45660001039505005,2.801558256149292
2026-07-24 21:08:20,3.9987692832946777,0.1490679383277893,-0.05076918378472328,0.4522506892681122,0.48520001769065857,3.1656653881073
2026-07-24 21:08:30,3.957538604736328,0.13715492188930511,-0.6276922821998596,0.4627653658390045,0.49059998989105225,3.4763290882110596
2026-07-24 21:08:40,3.9563076496124268,0.10730212926864624,0.5261538028717041,0.4609728753566742,0.49059998989105225,4.509912967681885
2026-07-24 21:08:50,4.026000022888184,0.0967661663889885,-0.33230769634246826,0.4419127404689789,0.4717999994754791,2.0421371459960938
2026-07-24 21:09:00,3.997769355773926,0.11490241438150406,0.38307711482048035,0.44186878204345703,0.4782000184059143,1.858055591583252
2026-07-24 21:09:10,3.9846153259277344,0.11424101144075394,-0.04615391045808792,0.45638319849967957,0.47999998927116394,2.3784384727478027
2026-07-24 21:09:20,4.032769203186035,0.1727328598499298,-0.11076923459768295,0.45655620098114014,0.47999998927116394,7.399879455566406
2026-07-24 21:09:30,3.997999906539917,0.16319596767425537,0.13846173882484436,0.46588248014450073,0.48680001497268677,1.5431569814682007
2026-07-24 21:09:40,3.9394614696502686,0.09785635024309158,0.2630767822265625,0.4704349935054779,0.48680001497268677,2.684303045272827
2026-07-24 21:09:50,3.9868462085723877,0.08048350363969803,0.19384640455245972,0.4698994755744934,0.4869999885559082,2.945622205734253
2026-07-24 21:10:00,3.990692377090454,0.09701856225728989,0.32769232988357544,0.4646186828613281,0.4869999885559082,8.198736190795898
2026-07-24 21:10:10,3.991076946258545,0.09525066614151001,0.16615380346775055,0.45511394739151,0.4869999885559082,1.8304994106292725
2026-07-24 21:10:21,4.002230644226074,0.09567788988351822,0.5169234871864319,0.4766401946544647,0.5288000106811523,1.1505047082901
2026-07-24 21:10:31,3.973461627960205,0.1036214604973793,-0.2676922678947449,0.4912160634994507,0.5288000106811523,1.947325587272644
2026-07-24 21:10:41,4.009307861328125,0.1450081467628479,0.30461519956588745,0.4545488655567169,0.5121999979019165,2.1806061267852783
2026-07-24 21:10:51,3.9584615230560303,0.14874684810638428,-0.2999999225139618,0.44066816568374634,0.5008000135421753,4.554876327514648
2026-07-24 21:11:01,3.97615385055542,0.14096687734127045,-0.29076895117759705,0.46734026074409485,0.5202000141143799,1.7014491558074951
2026-07-24 21:11:11,3.9680769443511963,0.1013728678226471,0.3600004315376282,0.47041046619415283,0.5202000141143799,1.5631465911865234
2026-07-24 21:11:21,4.0170769691467285,0.11129067838191986,0.6461541056632996,0.4557400047779083,0.4724000096321106,1.9920514822006226
2026-07-24 21:11:31,4.016077041625977,0.1321275681257248,-0.3830772042274475,0.4704519510269165,0.4797999858856201,3.8033266067504883
2026-07-24 21:11:41,3.9583845138549805,0.12560750544071198,-0.24923086166381836,0.46971237659454346,0.4805999994277954,2.073820114135742
2026-07-24 21:11:51,3.9341537952423096,0.09029853343963623,0.29076895117759705,0.4573099911212921,0.4805999994277954,2.6456127166748047
2026-07-24 21:12:02,4.004230976104736,0.08473002165555954,0.19384630024433136,0.44581055641174316,0.46140000224113464,1.5498855113983154
2026-07-24 21:12:12,4.031769275665283,0.07718177139759064,-0.1799999326467514,0.4403708279132843,0.4537999927997589,3.6473121643066406
2026-07-24 21:12:22,4.042461395263672,0.07318324595689774,0.2861539125442505,0.451271653175354,0.4790000021457672,2.421630382537842
2026-07-24 21:12:32,3.968230724334717,0.15396733582019806,-0.8538461923599243,0.47041380405426025,0.48980000615119934,2.4552619457244873
2026-07-24 21:12:42,3.9359230995178223,0.1669347882270813,-0.6738463640213013,0.46058857440948486,0.48980000615119934,2.4151341915130615
2026-07-24 21:12:52,3.8991539478302,0.1568911224603653,0.6553845405578613,0.43268197774887085,0.4691999852657318,2.6709985733032227
2026-07-24 21:13:02,3.9713845252990723,0.11979954689741135,-0.10615407675504684,0.4249604344367981,0.45339998602867126,3.273805618286133
2026-07-24 21:13:12,3.9539999961853027,0.12413888424634933,-0.47538459300994873,0.45210614800453186,0.49059998989105225,1.3217989206314087
2026-07-24 21:13:22,3.9316153526306152,0.14098665118217468,0.3092306852340698,0.4782141149044037,0.49719998240470886,2.6069552898406982
2026-07-24 21:13:32,3.965461492538452,0.14431223273277283,0.5169231295585632,0.4825572073459625,0.49719998240470886,4.937225818634033
2026-07-24 21:13:42,4.081846237182617,0.10424219071865082,0.20769232511520386,0.4719995856285095,0.4950000047683716,1.7024558782577515
2026-07-24 21:13:53,4.045845985412598,0.09517097473144531,0.24461504817008972,0.466155081987381,0.4950000047683716,2.4584388732910156
2026-07-24 21:14:03,4.018923282623291,0.1285555511713028,-0.5907692313194275,0.46467167139053345,0.5091999769210815,1.8915563821792603
2026-07-24 21:14:13,4.006307601928711,0.13136057555675507,-0.13846151530742645,0.44313880801200867,0.5091999769210815,1.7388445138931274
2026-07-24 21:14:23,3.9806153774261475,0.13283509016036987,-0.3923076391220093,0.41786330938339233,0.46639999747276306,3.1130259037017822
2026-07-24 21:14:33,3.986999988555908,0.09967679530382156,-0.5400002598762512,0.4425460398197174,0.48019999265670776,2.644895553588867
2026-07-24 21:14:43,3.9995384216308594,0.0894346535205841,0.009230650030076504,0.464039146900177,0.48019999265670776,2.3247792720794678
2026-07-24 21:14:53,3.9941539764404297,0.09436577558517456,-0.2030770629644394,0.4562402069568634,0.4782000184059143,3.0475144386291504
2026-07-24 21:15:03,4.011076927185059,0.09184640645980835,-0.19846145808696747,0.45024093985557556,0.48399999737739563,3.3364548683166504
2026-07-24 21:15:13,3.9722306728363037,0.09819183498620987,0.2723076641559601,0.45990610122680664,0.48399999737739563,1.3322213888168335
2026-07-24 21:15:23,3.97607684135437,0.10370590537786484,0.0046152700670063496,0.4730806052684784,0.4844000041484833,1.7865469455718994
2026-07-24 21:15:33,3.9619998931884766,0.096366286277771,-0.30000004172325134,0.45388999581336975,0.4844000041484833,2.361074209213257
2026-07-24 21:15:43,3.9026153087615967,0.13165777921676636,-0.13846151530742645,0.4340656101703644,0.46219998598098755,2.7142174243927
2026-07-24 21:15:54,3.854153871536255,0.08700826019048691,0.09692320227622986,0.419168084859848,0.43780001997947693,2.264841318130493
2026-07-24 21:16:04,3.9958462715148926,0.19735397398471832,0.7753846645355225,0.4363759756088257,0.4724000096321106,1.2786206007003784
2026-07-24 21:16:14,4.032923221588135,0.18104247748851776,-0.12923075258731842,0.45122969150543213,0.4724000096321106,3.2366039752960205
2026-07-24 21:16:24,4.020692348480225,0.18533872067928314,-0.4199999272823334,0.43966302275657654,0.4659999907016754,2.5608019828796387
2026-07-24 21:16:34,4.005307674407959,0.15906742215156555,-0.3692307472229004,0.43433550000190735,0.4596000015735626,3.1458585262298584
2026-07-24 21:16:44,3.937692403793335,0.19573350250720978,-0.2815385162830353,0.4397609233856201,0.45499998331069946,3.2184364795684814
2026-07-24 21:16:54,3.9517693519592285,0.17394903302192688,-0.5538461804389954,0.44962650537490845,0.4625999927520752,2.7484538555145264
2026-07-24 21:17:04,3.973461627960205,0.16702333092689514,0.4107694923877716,0.45581120252609253,0.47380000352859497,3.9303998947143555
2026-07-24 21:17:14,4.021846294403076,0.12996084988117218,0.036922819912433624,0.44366180896759033,0.47380000352859497,2.0846779346466064
2026-07-24 21:17:24,4.020461559295654,0.12384891510009766,-0.5353847742080688,0.44329458475112915,0.4620000123977661,1.9512335062026978
2026-07-24 21:17:34,3.998076915740967,0.1028643250465393,0.07846179604530334,0.45634669065475464,0.4747999906539917,3.1055877208709717
2026-07-24 21:17:44,4.000923156738281,0.09698411077260971,-0.1753845512866974,0.4709289073944092,0.49459999799728394,2.5137224197387695
2026-07-24 21:17:55,4.072999954223633,0.1284981220960617,0.41076895594596863,0.4760172367095947,0.49459999799728394,3.377830743789673
2026-07-24 21:18:05,4.055461406707764,0.1585312932729721,-0.6600000262260437,0.4560754597187042,0.483599990606308,1.5452569723129272
2026-07-24 21:18:15,3.9480769634246826,0.137907937169075,-0.6646152138710022,0.44663530588150024,0.4675999879837036,2.191755771636963
2026-07-24 21:18:25,3.871000051498413,0.07862325012683868,-0.3138461709022522,0.44843044877052307,0.4675999879837036,2.624117136001587
2026-07-24 21:18:35,3.912076950073242,0.10538351535797119,0.466153621673584,0.45199576020240784,0.46000000834465027,1.7065815925598145
2026-07-24 21:18:45,3.985153913497925,0.13965915143489838,0.47538483142852783,0.44995203614234924,0.46000000834465027,1.7689820528030396
2026-07-24 21:18:55,4.061307907104492,0.11269422620534897,0.20769254863262177,0.45226967334747314,0.4634000062942505,3.5440165996551514
2026-07-24 21:19:05,4.046076774597168,0.1106254905462265,-0.7661542296409607,0.44593238830566406,0.4634000062942505,2.1417386531829834
2026-07-24 21:19:15,3.995384693145752,0.09836634248495102,-0.25384634733200073,0.4437347948551178,0.460999995470047,1.8136239051818848
2026-07-24 21:19:25,4.003615379333496,0.11377306282520294,-0.1338464617729187,0.44556862115859985,0.460999995470047,4.24077033996582
2026-07-24 21:19:35,4.053615570068359,0.13401265442371368,0.9046154022216797,0.4470518231391907,0.460999995470047,2.1639842987060547
2026-07-24 21:19:45,4.069615364074707,0.13759474456310272,-0.9461537003517151,0.45599281787872314,0.47920000553131104,1.6680914163589478
2026-07-24 21:19:56,4.0439229011535645,0.11484368145465851,0.2723076641559601,0.4643336534500122,0.48539999127388,1.906472086906433
2026-07-24 21:20:06,4.025384426116943,0.11346399784088135,0.7476921677589417,0.45821210741996765,0.48539999127388,1.676978349685669
2026-07-24 21:20:16,4.079615592956543,0.1046694740653038,-0.0692305937409401,0.4445009231567383,0.46140000224113464,2.5430750846862793
2026-07-24 21:20:26,4.064230918884277,0.12254144251346588,0.43846145272254944,0.44774743914604187,0.46140000224113464,2.4060134887695312
2026-07-24 21:20:36,4.007538318634033,0.1053817942738533,-0.6000000834465027,0.4613642394542694,0.4942000210285187,3.3750803470611572
2026-07-24 21:20:46,3.95230770111084,0.12546610832214355,0.11999988555908203,0.4556199610233307,0.4942000210285187,2.5560433864593506
2026-07-24 21:20:56,3.9033846855163574,0.07660440355539322,-0.447692334651947,0.44874489307403564,0.4747999906539917,2.840885877609253
2026-07-24 21:21:06,3.923076868057251,0.08656387031078339,0.6923075914382935,0.452790766954422,0.4673999845981598,3.799321413040161
2026-07-24 21:21:16,3.942923069000244,0.09327253699302673,0.35999998450279236,0.45635706186294556,0.46799999475479126,4.092233657836914
2026-07-24 21:21:26,4.037076950073242,0.12866444885730743,0.8492308259010315,0.43770185112953186,0.46799999475479126,1.3672996759414673
2026-07-24 21:21:36,4.051461696624756,0.13280358910560608,0.041538532823324203,0.4400936961174011,0.49059998989105225,1.782386302947998
2026-07-24 21:21:46,4.05946159362793,0.12616419792175293,-0.11538472771644592,0.4469318389892578,0.49059998989105225,3.1471359729766846
2026-07-24 21:21:57,3.974538564682007,0.10709961503744125,-0.2584614157676697,0.444538414478302,0.49059998989105225,5.7951860427856445
2026-07-24 21:22:07,4.04207706451416,0.12463298439979553,0.07384597510099411,0.4443356692790985,0.4832000136375427,3.8666439056396484
2026-07-24 21:22:17,4.0661540031433105,0.1317187398672104,0.22615395486354828,0.46837836503982544,0.504800021648407,1.5385003089904785
2026-07-24 21:22:27,4.0873847007751465,0.10934317111968994,-0.31384584307670593,0.47507792711257935,0.504800021648407,2.102771043777466
2026-07-24 21:22:37,4.076231002807617,0.11780861020088196,-0.6000002026557922,0.45263320207595825,0.475600004196167,2.716320037841797
2026-07-24 21:22:47,4.019999980926514,0.1047399491071701,0.04615369066596031,0.44258782267570496,0.4546000063419342,2.5870614051818848
2026-07-24 21:22:57,4.003615379333496,0.12083175778388977,-0.7153844833374023,0.45803409814834595,0.4880000054836273,1.9809316396713257
2026-07-24 21:23:07,3.9773077964782715,0.10361013561487198,-0.17538467049598694,0.4535366892814636,0.4880000054836273,1.4852945804595947
2026-07-24 21:23:17,3.931307792663574,0.06491401046514511,0.27230820059776306,0.44137170910835266,0.4880000054836273,2.399841547012329
2026-07-24 21:23:27,4.031076908111572,0.1256333887577057,0.6323074102401733,0.4502283036708832,0.4780000150203705,2.071819543838501
2026-07-24 21:23:37,4.1231536865234375,0.13192903995513916,0.43384605646133423,0.460247278213501,0.4780000150203705,1.9095017910003662
2026-07-24 21:23:47,4.169076919555664,0.09036885201931,-0.4199998080730438,0.4553500711917877,0.4715999960899353,2.057492971420288
2026-07-24 21:23:57,4.060923099517822,0.13077667355537415,-0.7569235563278198,0.46863189339637756,0.49719998240470886,1.7354698181152344
2026-07-24 21:24:07,3.937000036239624,0.11811240762472153,-0.41538456082344055,0.46706077456474304,0.49719998240470886,1.7044281959533691
2026-07-24 21:24:17,3.9587690830230713,0.11665739119052887,0.0969230979681015,0.4561392366886139,0.4729999899864197,2.216130256652832
2026-07-24 21:24:28,3.969846248626709,0.09130322933197021,0.07846157252788544,0.4641014635562897,0.48179998993873596,3.341506242752075
2026-07-24 21:24:38,3.935615301132202,0.10060127824544907,0.06000005453824997,0.45623642206192017,0.48179998993873596,1.375275731086731
2026-07-24 21:24:48,3.939923048019409,0.10958730429410934,0.21230760216712952,0.454637736082077,0.48179998993873596,2.5399374961853027
2026-07-24 21:24:58,3.9905383586883545,0.07614068686962128,0.05076918378472328,0.4494045078754425,0.46799999475479126,3.1909067630767822
2026-07-24 21:25:08,4.025461673736572,0.09561392664909363,0.5261539220809937,0.4301359951496124,0.45820000767707825,1.413336157798767
2026-07-24 21:25:18,4.079384803771973,0.11793974786996841,-0.4892309606075287,0.4420749545097351,0.4832000136375427,1.161102056503296
2026-07-24 21:25:28,4.060307502746582,0.13365709781646729,0.20307673513889313,0.4618048369884491,0.4832000136375427,1.22137451171875
2026-07-24 21:25:38,3.999000072479248,0.11489158123731613,-0.023077011108398438,0.457661896944046,0.49160000681877136,2.316481351852417
2026-07-24 21:25:48,4.063922882080078,0.10598472505807877,0.34153813123703003,0.45127442479133606,0.49160000681877136,1.7322397232055664
2026-07-24 21:25:58,4.019845962524414,0.14151695370674133,0.07384619116783142,0.4322081208229065,0.46219998598098755,4.414736270904541
2026-07-24 21:26:08,3.9570770263671875,0.12495440244674683,-0.22615362703800201,0.43984854221343994,0.46219998598098755,1.1581658124923706
2026-07-24 21:26:18,3.918076992034912,0.10233651846647263,0.8538461327552795,0.4641416668891907,0.48900002241134644,2.081116199493408
2026-07-24 21:26:29,3.967846155166626,0.09424668550491333,0.3138461709022522,0.46514633297920227,0.48900002241134644,1.483461856842041
2026-07-24 21:26:39,3.994384527206421,0.07096916437149048,0.2815385162830353,0.4570886790752411,0.4805999994277954,2.2799389362335205
2026-07-24 21:26:49,4.013307571411133,0.07959885895252228,-0.13384613394737244,0.4506036341190338,0.4805999994277954,3.411083459854126
2026-07-24 21:26:59,4.070846080780029,0.11555774509906769,0.15692292153835297,0.4413975477218628,0.4805999994277954,2.0283515453338623
2026-07-24 21:27:09,4.052384376525879,0.15249113738536835,0.009230870753526688,0.43170875310897827,0.45500001311302185,2.403416395187378
2026-07-24 21:27:19,4.032153606414795,0.13741114735603333,-0.766153872013092,0.45882049202919006,0.48919999599456787,1.2959630489349365
2026-07-24 21:27:29,4.038153648376465,0.09908802807331085,0.9969230890274048,0.47048047184944153,0.48919999599456787,1.9557104110717773
2026-07-24 21:27:39,4.044153690338135,0.09214691072702408,-0.5169228315353394,0.45419180393218994,0.4742000102996826,2.0176796913146973
2026-07-24 21:27:49,3.9898462295532227,0.11476385593414307,0.14307712018489838,0.44745248556137085,0.46860000491142273,1.9808076620101929
2026-07-24 21:27:59,3.963153839111328,0.08903270214796066,0.10615363717079163,0.45982399582862854,0.48820000886917114,3.377126455307007
2026-07-24 21:28:09,3.9786922931671143,0.09484875202178955,0.12461526691913605,0.4722892642021179,0.4883999824523926,1.280623435974121
2026-07-24 21:28:19,3.9785385131835938,0.0878942534327507,0.1430767923593521,0.4756973087787628,0.4883999824523926,2.0386509895324707
2026-07-24 21:28:29,3.8678462505340576,0.1347486823797226,-0.39230775833129883,0.4604990482330322,0.48100000619888306,1.5502676963806152
2026-07-24 21:28:39,3.8258461952209473,0.13643473386764526,0.1753845512866974,0.44229480624198914,0.4780000150203705,3.645469903945923
2026-07-24 21:28:50,3.843846082687378,0.14164519309997559,0.6830767393112183,0.42067751288414,0.44280001521110535,1.4371997117996216
2026-07-24 21:29:00,3.9466922283172607,0.09170510619878769,0.6230766773223877,0.42273396253585815,0.4465999901294708,1.3663514852523804
2026-07-24 21:29:10,3.9813077449798584,0.07105132192373276,0.5676923394203186,0.44051724672317505,0.45260000228881836,3.6485085487365723
2026-07-24 21:29:20,3.969461679458618,0.08926116675138474,0.09692320227622986,0.4404350817203522,0.4668000042438507,3.986603021621704
2026-07-24 21:29:30,4.026076793670654,0.09608404338359833,0.35538449883461,0.4356311857700348,0.4668000042438507,1.8807175159454346
2026-07-24 21:29:40,4.007230758666992,0.09685367345809937,0.35538437962532043,0.44287699460983276,0.4702000021934509,1.760448932647705
2026-07-24 21:29:50,3.992076873779297,0.09459953755140305,-0.304615318775177,0.448900431394577,0.4702000021934509,1.273098349571228
2026-07-24 21:30:00,3.9202308654785156,0.06943138688802719,0.3092308044433594,0.432706356048584,0.4447999894618988,2.7397258281707764
2026-07-24 21:30:10,3.996615409851074,0.11249172687530518,0.5861537456512451,0.45986175537109375,0.5134000182151794,1.369482398033142
2026-07-24 21:30:20,4.038461685180664,0.09829984605312347,0.013846250250935555,0.4735596477985382,0.5134000182151794,1.8880031108856201
2026-07-24 21:30:30,4.001153945922852,0.12028703838586807,-0.1846151053905487,0.4438132345676422,0.510200023651123,2.191307783126831
2026-07-24 21:30:40,3.988461494445801,0.10737039893865585,-0.023076681420207024,0.42280134558677673,0.4413999915122986,3.030827522277832
2026-07-24 21:30:50,3.9693076610565186,0.10410194844007492,0.2169230878353119,0.45098620653152466,0.4805999994277954,1.126102089881897
2026-07-24 21:31:00,3.9613077640533447,0.09907098859548569,-0.18461543321609497,0.47035524249076843,0.4909999966621399,4.883985996246338
2026-07-24 21:31:10,3.9975385665893555,0.11986827850341797,0.9969232082366943,0.4574851393699646,0.4909999966621399,2.1205554008483887
2026-07-24 21:31:20,4.0976152420043945,0.20169058442115784,0.29538434743881226,0.41898003220558167,0.46059998869895935,2.2403275966644287
2026-07-24 21:31:31,4.1423845291137695,0.19637174904346466,-0.3830767869949341,0.41444966197013855,0.44859999418258667,2.6954689025878906
2026-07-24 21:31:41,4.068230628967285,0.13788215816020966,-0.1800001561641693,0.4344424307346344,0.45419999957084656,3.291088104248047
2026-07-24 21:31:51,4.003077030181885,0.14049388468265533,-0.6969230771064758,0.43758130073547363,0.45419999957084656,4.953719139099121
2026-07-24 21:32:01,3.9918460845947266,0.15330404043197632,-0.31384629011154175,0.4292875826358795,0.4397999942302704,2.4741499423980713
2026-07-24 21:32:11,3.9354615211486816,0.10910904407501221,-0.1661539077758789,0.43229004740715027,0.4780000150203705,4.688328266143799
2026-07-24 21:32:21,3.9039230346679688,0.15080754458904266,-0.1753845512866974,0.45857641100883484,0.4918000102043152,1.4407238960266113
2026-07-24 21:32:31,3.924999952316284,0.17168867588043213,0.3092306852340698,0.4677768647670746,0.4918000102043152,1.7672680616378784
2026-07-24 21:32:41,3.9580769538879395,0.1638258695602417,0.521538496017456,0.44759270548820496,0.4699999988079071,3.315087080001831
2026-07-24 21:32:51,4.021999835968018,0.08546343445777893,0.0046152700670063496,0.41500425338745117,0.44859999418258667,2.806318759918213
2026-07-24 21:33:01,3.9716153144836426,0.06282578408718109,0.06923070549964905,0.39729830622673035,0.45080000162124634,1.560941219329834
2026-07-24 21:33:11,3.9856154918670654,0.08497782051563263,0.3738463521003723,0.4227353632450104,0.46059998869895935,1.671444296836853
2026-07-24 21:33:21,4.060615539550781,0.10957366973161697,0.30461543798446655,0.4544694125652313,0.4747999906539917,2.6171507835388184
2026-07-24 21:33:31,4.017307758331299,0.16681259870529175,-0.5446153283119202,0.4455326199531555,0.4747999906539917,1.4485450983047485
2026-07-24 21:33:41,3.9468462467193604,0.16406957805156708,-1.0615386962890625,0.4356802701950073,0.4564000070095062,3.185253143310547
2026-07-24 21:33:51,3.8745384216308594,0.0995614230632782,0.5169228315353394,0.4487990140914917,0.47079998254776,2.29122257232666
2026-07-24 21:34:01,3.9862308502197266,0.11559120565652847,-0.018461741507053375,0.44879892468452454,0.47079998254776,3.1377086639404297
2026-07-24 21:34:11,4.020692348480225,0.11560666561126709,0.30461564660072327,0.44240349531173706,0.4650000035762787,2.336691379547119
2026-07-24 21:34:21,4.037230968475342,0.08634114265441895,0.12923108041286469,0.44210293889045715,0.46619999408721924,2.734433889389038
2026-07-24 21:34:32,4.034692287445068,0.07891171425580978,0.059999942779541016,0.4643622636795044,0.5052000284194946,3.7254960536956787
2026-07-24 22:08:14,4.055922985076904,0.06420993059873581,0.20769232511520386,0.4633617103099823,0.5052000284194946,3.2547900676727295
2026-07-24 22:08:24,4.0130767822265625,0.10447703301906586,-0.10153869539499283,0.45638784766197205,0.4830000102519989,2.9189822673797607
2026-07-24 22:08:35,3.976769208908081,0.1195363700389862,0.3507691025733948,0.461320161819458,0.4957999885082245,3.708935260772705
2026-07-24 22:08:45,3.941999912261963,0.12087498605251312,-0.281538188457489,0.48295193910598755,0.5360000133514404,2.650092840194702
2026-07-24 22:08:55,3.9583847522735596,0.12479028105735779,-0.1107693463563919,0.4791223704814911,0.5360000133514404,2.2041618824005127
2026-07-24 22:09:05,3.955307722091675,0.13101258873939514,0.36923086643218994,0.44857683777809143,0.4893999993801117,3.064955949783325
2026-07-24 22:09:15,3.9812307357788086,0.1312556117773056,-0.0692308098077774,0.45254892110824585,0.49140000343322754,2.1768076419830322
2026-07-24 22:09:25,4.002769470214844,0.10014467686414719,-0.22615385055541992,0.4608154892921448,0.49140000343322754,1.3502529859542847
2026-07-24 22:09:35,3.920076847076416,0.07179775089025497,-0.32307693362236023,0.4481905996799469,0.49140000343322754,2.426730155944824
2026-07-24 22:09:45,3.9312307834625244,0.0780474916100502,-0.023077011108398438,0.42295074462890625,0.4424000084400177,2.6896963119506836
2026-07-24 22:09:55,3.9733076095581055,0.12321452796459198,0.5538459420204163,0.4320455491542816,0.4537999927997589,1.2257380485534668
2026-07-24 22:10:05,4.096769332885742,0.12147180736064911,0.4015381932258606,0.45125022530555725,0.47540000081062317,4.001210689544678
2026-07-24 22:10:15,4.069153785705566,0.1530863493680954,-0.49846151471138,0.4547182619571686,0.47540000081062317,1.8997617959976196
2026-07-24 22:10:26,3.9722306728363037,0.15432466566562653,-0.40153852105140686,0.4488312900066376,0.47540000081062317,2.78348445892334
2026-07-24 22:10:36,3.895230770111084,0.07563898712396622,0.0830768421292305,0.44494426250457764,0.462799996137619,2.629214286804199
2026-07-24 22:10:46,3.8850769996643066,0.07909922301769257,0.060000162571668625,0.44714730978012085,0.462799996137619,0.9788302183151245
2026-07-24 22:10:56,3.9609999656677246,0.15888385474681854,0.5123074054718018,0.4303683638572693,0.4602000117301941,2.15696120262146
2026-07-24 22:11:06,4.015230655670166,0.1389898657798767,0.110769122838974,0.41637906432151794,0.43700000643730164,1.4262551069259644
2026-07-24 22:11:16,4.011692523956299,0.12108191847801208,-0.7338460087776184,0.4313157796859741,0.4578000009059906,1.5584856271743774
2026-07-24 22:11:26,3.9956154823303223,0.11453858017921448,0.5353846549987793,0.45219820737838745,0.47620001435279846,3.714315414428711
2026-07-24 22:11:36,4.064384460449219,0.0800173431634903,0.28615379333496094,0.45672714710235596,0.47620001435279846,3.0736920833587646
2026-07-24 22:11:46,4.053153991699219,0.09346521645784378,0.009231090545654297,0.45162254571914673,0.47360000014305115,3.7250077724456787
2026-07-24 22:11:56,4.020230770111084,0.07941579073667526,0.07384608685970306,0.4480692744255066,0.4641999900341034,5.576211929321289
2026-07-24 22:12:06,3.949615478515625,0.10987409204244614,0.018461300060153008,0.45020031929016113,0.462799996137619,1.7682732343673706
2026-07-24 22:12:17,3.9401538372039795,0.11303629726171494,-0.08307695388793945,0.4593784511089325,0.47760000824928284,1.9980894327163696
2026-07-24 22:12:27,3.96415376663208,0.1240631490945816,0.7615383863449097,0.46722251176834106,0.47840002179145813,2.171322822570801
2026-07-24 22:12:37,3.99969220161438,0.10632269829511642,0.12461559474468231,0.4621461033821106,0.47840002179145813,1.6631755828857422
2026-07-24 22:12:47,4.020384788513184,0.09989843517541885,-0.692307710647583,0.45769715309143066,0.4710000157356262,1.2879058122634888
2026-07-24 22:12:57,3.9238462448120117,0.14987783133983612,-0.22153836488723755,0.4656111001968384,0.47780001163482666,2.6906275749206543
2026-07-24 22:13:07,3.8616154193878174,0.12215755134820938,-0.47538459300994873,0.4705865681171417,0.48420000076293945,4.375755310058594
2026-07-24 22:13:17,3.9261538982391357,0.10993269085884094,0.055384453386068344,0.4522128999233246,0.48420000076293945,1.4050915241241455
2026-07-24 22:13:27,3.9228460788726807,0.1154564693570137,0.08307706564664841,0.4341660439968109,0.44999998807907104,2.3412394523620605
2026-07-24 22:13:37,3.9096152782440186,0.10053855180740356,-0.6461536884307861,0.43980738520622253,0.4535999894142151,2.2313568592071533
2026-07-24 22:13:47,3.949538469314575,0.11726537346839905,0.2907690703868866,0.436286985874176,0.4535999894142151,1.404633641242981
2026-07-24 22:13:57,3.9965384006500244,0.10080377757549286,0.03692304342985153,0.43175163865089417,0.46459999680519104,4.36531400680542
2026-07-24 22:14:08,4.016538619995117,0.09044598788022995,-0.5953843593597412,0.446527361869812,0.47600001096725464,1.4021517038345337
2026-07-24 22:14:18,3.9965384006500244,0.14729620516300201,-0.9184616804122925,0.4534968137741089,0.47600001096725464,3.0004711151123047
2026-07-24 22:14:28,3.997615337371826,0.166631817817688,0.013846470974385738,0.4368383288383484,0.45239999890327454,1.4131594896316528
2026-07-24 22:14:38,4.078000068664551,0.2124089151620865,-0.35538449883461,0.42158043384552,0.4375999867916107,1.9600024223327637
2026-07-24 22:14:48,4.120077133178711,0.14566929638385773,0.22153857350349426,0.42588770389556885,0.4442000091075897,1.5059428215026855
2026-07-24 22:14:58,3.9992308616638184,0.18428748846054077,-1.435384750366211,0.44300729036331177,0.4821999967098236,3.090801239013672
2026-07-24 22:15:08,3.849769115447998,0.10959834605455399,0.21230770647525787,0.456764817237854,0.4821999967098236,2.0720021724700928
2026-07-24 22:15:18,3.9053077697753906,0.1657402515411377,0.7246155738830566,0.46484631299972534,0.4821999967098236,2.7985150814056396
2026-07-24 22:15:28,3.9869229793548584,0.13115490972995758,0.6230770945549011,0.47621527314186096,0.504800021648407,1.387258768081665
2026-07-24 22:15:38,4.03607702255249,0.07357566058635712,0.31384629011154175,0.4765239357948303,0.504800021648407,1.8458201885223389
2026-07-24 22:15:49,4.0483078956604,0.08751735836267471,-0.046153802424669266,0.4741286039352417,0.504800021648407,1.8630211353302002
2026-07-24 22:16:00,4.094769477844238,0.07610534131526947,0.36923086643218994,0.4547417163848877,0.4925999939441681,4.664959907531738
2026-07-24 22:16:10,4.0770769119262695,0.09302974492311478,-0.21692298352718353,0.4583020508289337,0.4925999939441681,2.8864924907684326
2026-07-24 22:16:20,3.9974615573883057,0.12363292276859283,-0.7107692956924438,0.4467761218547821,0.487199991941452,2.285949468612671
2026-07-24 22:16:30,3.9703845977783203,0.10896296054124832,0.4292306900024414,0.45378100872039795,0.487199991941452,2.8154349327087402
2026-07-24 22:16:40,4.00023078918457,0.09768130630254745,0.22615385055541992,0.4663825035095215,0.5016000270843506,3.9917349815368652
2026-07-24 22:16:50,4.0714616775512695,0.09186539053916931,0.3415384590625763,0.46812841296195984,0.5016000270843506,3.879950523376465
2026-07-24 22:17:00,4.071846008300781,0.09595981240272522,0.06461532413959503,0.4553067088127136,0.5016000270843506,2.9554405212402344
2026-07-24 22:17:10,4.068922996520996,0.0923142358660698,-0.51230788230896,0.43430468440055847,0.4575999975204468,1.559644103050232
2026-07-24 22:17:20,4.011153697967529,0.08074875921010971,0.1200002133846283,0.4393363296985626,0.4575999975204468,2.7713918685913086
2026-07-24 22:17:30,3.969461679458618,0.07857493311166763,-0.40153852105140686,0.4555127024650574,0.47440001368522644,2.159895896911621
2026-07-24 22:17:41,3.935692310333252,0.09968212246894836,-0.5676925182342529,0.4577246904373169,0.47440001368522644,2.093132495880127
2026-07-24 22:17:51,3.9311537742614746,0.11635646224021912,-0.12000010907649994,0.4539290964603424,0.483599990606308,3.5825436115264893
2026-07-24 22:18:01,4.0167694091796875,0.1983502060174942,0.3092306852340698,0.4608583450317383,0.4925999939441681,1.7413954734802246
2026-07-24 22:18:11,4.0333075523376465,0.18005293607711792,-0.24923063814640045,0.45581182837486267,0.4925999939441681,1.2049129009246826
2026-07-24 22:18:21,4.0820770263671875,0.1776248961687088,-0.3507695496082306,0.4326987862586975,0.44920000433921814,2.0888335704803467
2026-07-24 22:18:31,4.038461685180664,0.10951120406389236,0.07846146076917648,0.43784213066101074,0.46559998393058777,2.6974682807922363
2026-07-24 22:18:41,4.075461387634277,0.11378732323646545,0.2353847175836563,0.4485519826412201,0.47380000352859497,3.0865345001220703
2026-07-24 22:18:51,4.050922870635986,0.12013740837574005,0.05076929181814194,0.44462746381759644,0.47380000352859497,1.9192090034484863
2026-07-24 22:19:01,4.096230983734131,0.10741916298866272,0.13384591042995453,0.43341097235679626,0.4562000036239624,1.4922358989715576
2026-07-24 22:19:11,4.060076713562012,0.09534631669521332,-0.09230738133192062,0.4460035562515259,0.47380000352859497,2.472703695297241
2026-07-25 10:18:45,3.9573075771331787,0.13760468363761902,-0.041538532823324203,0.4638373553752899,0.4909999966621399,1.372278094291687
2026-07-25 10:18:55,4.045615196228027,0.12218145281076431,0.44769254326820374,0.4578363597393036,0.4909999966621399,1.7750333547592163
2026-07-25 10:19:05,4.034615516662598,0.09893859922885895,-0.4430767297744751,0.4513024389743805,0.475600004196167,1.588316798210144
2026-07-25 10:19:15,3.973769187927246,0.08155474811792374,-0.4615384638309479,0.4405389726161957,0.4618000090122223,3.81241512298584
2026-07-25 10:19:25,3.9346923828125,0.06327458471059799,-0.26769205927848816,0.44545409083366394,0.4681999981403351,2.176208257675171
2026-07-25 10:19:35,3.8665385246276855,0.09611780941486359,-0.23076923191547394,0.45817211270332336,0.4846000075340271,3.438103199005127
2026-07-25 10:19:45,3.912769317626953,0.13676491379737854,0.3323078155517578,0.46628260612487793,0.4846000075340271,1.7441487312316895
2026-07-25 10:19:55,3.9444615840911865,0.1362602859735489,0.5999999642372131,0.468182235956192,0.4846000075340271,2.093134880065918
2026-07-25 10:20:05,3.9649999141693115,0.11135289818048477,-0.0692305937409401,0.45305582880973816,0.48319998383522034,3.3402655124664307
2026-07-25 10:20:15,3.9379231929779053,0.09257426857948303,-0.23538438975811005,0.45772838592529297,0.49779999256134033,3.060044765472412
2026-07-25 10:20:25,3.984692335128784,0.13000230491161346,0.7246154546737671,0.4640866816043854,0.49779999256134033,2.4799153804779053
2026-07-25 10:20:35,3.984692335128784,0.13000230491161346,0.7246154546737671,0.4640866816043854,0.49779999256134033,2.4799153804779053
2026-07-25 10:20:45,3.984692335128784,0.13000230491161346,0.7246154546737671,0.4640866816043854,0.49779999256134033,2.4799153804779053
2026-07-25 10:20:55,4.110230922698975,0.20678290724754333,1.296923041343689,0.6202477812767029,1.0169999599456787,4.04063606262207
2026-07-25 10:21:06,4.535769462585449,0.42302149534225464,2.9215383529663086,0.9174911379814148,1.1446000337600708,1.6645814180374146
2026-07-25 10:21:16,5.176692485809326,0.5943189859390259,4.60153865814209,1.119067907333374,1.1967999935150146,4.608604907989502
2026-07-25 10:21:26,6.005000114440918,0.6300069093704224,4.749230861663818,1.1454306840896606,1.1967999935150146,1.8804219961166382
2026-07-25 10:21:36,6.819846153259277,0.6103588342666626,4.836923122406006,1.192095160484314,1.2874000072479248,2.1594996452331543
2026-07-25 10:21:46,7.628307819366455,0.5942391753196716,4.421538352966309,1.2182700634002686,1.2874000072479248,1.8165913820266724
2026-07-25 10:21:56,8.415923118591309,0.5869274139404297,4.633845806121826,1.2157083749771118,1.2874000072479248,2.488368272781372
2026-07-25 10:22:06,9.201153755187988,0.5919836759567261,4.439999580383301,1.1759405136108398,1.2532000541687012,1.5558408498764038
2026-07-25 10:22:16,9.995461463928223,0.6088735461235046,4.7030768394470215,1.194069504737854,1.2733999490737915,1.1720374822616577
2026-07-25 10:22:26,10.855691909790039,0.6493852138519287,4.730769157409668,1.270910382270813,1.3411999940872192,2.916242837905884
2026-07-25 10:22:36,11.680153846740723,0.6165766716003418,4.8784613609313965,1.317344069480896,1.3849999904632568,1.984101414680481
2026-07-25 10:22:46,12.486769676208496,0.5942718982696533,4.393846035003662,1.3100119829177856,1.3849999904632568,1.5761631727218628
2026-07-25 10:22:56,13.280692100524902,0.5990450978279114,4.693845748901367,1.2451976537704468,1.2868000268936157,1.9833080768585205
2026-07-25 10:23:06,14.063076972961426,0.5781998038291931,4.541538238525391,1.2229347229003906,1.3087999820709229,3.3965749740600586
2026-07-25 10:23:17,14.8466157913208,0.5920578837394714,4.6430768966674805,1.2261136770248413,1.3087999820709229,2.5568947792053223
2026-07-25 10:23:27,15.639769554138184,0.6032503843307495,4.647693634033203,1.2268961668014526,1.2777999639511108,2.030118227005005
2026-07-25 10:23:37,16.432384490966797,0.5978605151176453,4.583076477050781,1.2247698307037354,1.294800043106079,1.7797166109085083
2026-07-25 10:23:47,17.240615844726562,0.6180365681648254,4.841536998748779,1.1903173923492432,1.294800043106079,2.7083046436309814
2026-07-25 10:23:57,18.056306838989258,0.6221095323562622,4.643077373504639,1.1980674266815186,1.294800043106079,3.402909278869629
2026-07-25 10:24:07,18.881845474243164,0.6124321222305298,4.920001029968262,1.2189512252807617,1.285599946975708,4.923392295837402
2026-07-25 10:24:17,19.67192268371582,0.6016741394996643,4.541538715362549,1.2301281690597534,1.285599946975708,2.5763914585113525
2026-07-25 10:24:27,20.47076988220215,0.5702922940254211,4.532308578491211,1.2244888544082642,1.273400068283081,3.682690382003784
2026-07-25 10:24:37,21.247154235839844,0.5962197184562683,4.670768737792969,1.24553382396698,1.3064000606536865,1.782698392868042
2026-07-25 10:24:47,22.053691864013672,0.6151145696640015,4.827692985534668,1.2332441806793213,1.3064000606536865,1.4809768199920654
2026-07-25 10:24:57,22.875537872314453,0.6246163845062256,4.85538387298584,1.2004181146621704,1.2883999347686768,3.701636791229248
2026-07-25 10:25:08,23.680923461914062,0.5983556509017944,4.633846759796143,1.1729118824005127,1.2400000095367432,1.634090781211853
2026-07-25 10:25:18,24.483692169189453,0.5918627381324768,4.536922931671143,1.1742236614227295,1.2422000169754028,1.5647534132003784
2026-07-25 10:25:28,25.26053810119629,0.59919273853302,4.67538595199585,1.2049211263656616,1.2438000440597534,2.6113884449005127
2026-07-25 10:25:38,26.064922332763672,0.5894959568977356,4.329229354858398,1.2297216653823853,1.2865999937057495,1.7310280799865723
2026-07-25 10:25:48,26.854154586791992,0.5891965627670288,4.606154441833496,1.2376378774642944,1.2865999937057495,1.7431702613830566
2026-07-25 10:25:58,27.645769119262695,0.5978745818138123,4.430770397186279,1.2594623565673828,1.3696000576019287,2.006052017211914
2026-07-25 10:26:08,28.44815444946289,0.6095645427703857,4.689230918884277,1.2956973314285278,1.3696000576019287,2.1006157398223877
2026-07-25 10:26:18,29.266231536865234,0.6173306703567505,4.693846225738525,1.2269341945648193,1.3414000272750854,1.9468717575073242
2026-07-25 10:26:28,30.069076538085938,0.5843265056610107,4.444613933563232,1.2040939331054688,1.2791999578475952,1.6667066812515259
2026-07-25 10:26:38,30.833616256713867,0.5696153044700623,4.5,1.2082253694534302,1.2791999578475952,1.13313889503479
2026-07-25 10:26:48,31.60661506652832,0.584107518196106,4.550769329071045,1.1509442329406738,1.1718000173568726,1.8312610387802124
2026-07-25 10:26:58,32.40815353393555,0.6219854950904846,4.661538600921631,1.1634882688522339,1.2098000049591064,1.5802885293960571
2026-07-25 10:27:08,33.23469161987305,0.6181522607803345,4.7215399742126465,1.1908740997314453,1.2381999492645264,4.0090155601501465
2026-07-25 10:27:19,34.038692474365234,0.596352219581604,4.707690715789795,1.1732648611068726,1.2381999492645264,3.2000856399536133
2026-07-25 10:27:29,34.832847595214844,0.5902925729751587,4.449230670928955,1.180922031402588,1.285599946975708,2.6333417892456055
2026-07-25 10:27:39,35.640384674072266,0.6125028729438782,4.753847599029541,1.2153640985488892,1.285599946975708,1.849783182144165
2026-07-25 10:27:49,36.450462341308594,0.6198127865791321,4.809229850769043,1.1966770887374878,1.285599946975708,1.555187463760376
2026-07-25 10:27:59,37.24915313720703,0.5838879346847534,4.4538469314575195,1.1185877323150635,1.1790000200271606,1.6950647830963135
2026-07-25 10:28:09,38.023536682128906,0.5760151743888855,4.481541633605957,1.1382293701171875,1.257200002670288,2.0823802947998047
2026-07-25 10:28:19,38.80115509033203,0.5919753909111023,4.389229774475098,1.2142281532287598,1.2694000005722046,1.6806660890579224
2026-07-25 10:28:29,39.63361358642578,0.6326831579208374,4.823077201843262,1.218050241470337,1.2694000005722046,1.1971545219421387
2026-07-25 10:28:39,40.43430709838867,0.6195721626281738,4.795384407043457,1.212713599205017,1.3065999746322632,7.4385905265808105
2026-07-25 10:28:49,41.25223159790039,0.5874762535095215,4.472307205200195,1.2227190732955933,1.3065999746322632,3.6586720943450928
2026-07-25 10:28:59,42.0538444519043,0.6137614250183105,4.776924133300781,1.234846591949463,1.3065999746322632,2.577655553817749
2026-07-25 10:29:09,42.84430694580078,0.5996018648147583,4.753844261169434,1.2258068323135376,1.284000039100647,1.9275349378585815
2026-07-25 10:29:19,43.6589241027832,0.6051728129386902,4.555386066436768,1.222743272781372,1.2907999753952026,2.4297568798065186
2026-07-25 10:29:30,44.445152282714844,0.5839114785194397,4.555386066436768,1.2314884662628174,1.368399977684021,1.9033836126327515
2026-07-25 10:29:40,45.22776794433594,0.5845542550086975,4.587695121765137,1.215985655784607,1.368399977684021,1.980682611465454
2026-07-25 10:29:50,46.008384704589844,0.6140523552894592,4.8969197273254395,1.1799712181091309,1.2450000047683716,2.5299012660980225
2026-07-25 10:30:00,46.82707595825195,0.622122585773468,4.767693042755127,1.2293449640274048,1.3009999990463257,2.3013901710510254
2026-07-25 10:30:10,47.63584518432617,0.5912140607833862,4.633846759796143,1.2112318277359009,1.3009999990463257,1.4173444509506226
2026-07-25 10:30:20,48.430152893066406,0.5934692025184631,4.7030744552612305,1.1749367713928223,1.3009999990463257,6.635338306427002
2026-07-25 10:30:30,49.22061538696289,0.6215968132019043,4.5507659912109375,1.184327483177185,1.2860000133514404,4.810480117797852
2026-07-25 10:30:40,50.04146194458008,0.5954077243804932,4.689230918884277,1.1818578243255615,1.2860000133514404,3.0094289779663086
2026-07-25 10:30:50,50.92192459106445,0.6058810949325562,4.624615669250488,1.1289093494415283,1.2338000535964966,1.4671261310577393
2026-07-25 10:31:00,51.74654006958008,0.6140139698982239,4.601537227630615,1.2085469961166382,1.365399956703186,0.9775217771530151
2026-07-25 10:31:10,52.53300094604492,0.5904056429862976,4.499998092651367,1.2604881525039673,1.365399956703186,1.1669913530349731
2026-07-25 10:31:21,53.347076416015625,0.6117289662361145,4.536921977996826,1.2198655605316162,1.334399938583374,3.7776567935943604
2026-07-25 10:31:31,54.119998931884766,0.5951241254806519,4.555386066436768,1.1923431158065796,1.2546000480651855,2.364069700241089
2026-07-25 10:31:41,54.93784713745117,0.5868592858314514,4.5092291831970215,1.1932274103164673,1.2888000011444092,3.7961533069610596
2026-07-25 10:31:51,55.733463287353516,0.631709098815918,4.753845691680908,1.2088984251022339,1.2888000011444092,3.8728957176208496
2026-07-25 10:32:01,56.53884506225586,0.5806668400764465,4.463078022003174,1.1846922636032104,1.2525999546051025,2.42423939704895
2026-07-25 10:32:11,57.30446243286133,0.5684334635734558,4.444613933563232,1.1742833852767944,1.2223999500274658,2.5422115325927734
2026-07-25 10:32:21,58.10615539550781,0.6217702031135559,4.827693462371826,1.2013702392578125,1.246399998664856,3.77406907081604
2026-07-25 10:32:31,58.920616149902344,0.6180827617645264,4.809229850769043,1.1924521923065186,1.246399998664856,2.2600533962249756
2026-07-25 10:32:41,59.74015426635742,0.6121217012405396,4.864614009857178,1.1883958578109741,1.253600001335144,2.4682815074920654
2026-07-25 10:32:51,60.517921447753906,0.5866806507110596,4.638461112976074,1.2314587831497192,1.2756000757217407,2.0631816387176514
2026-07-25 10:33:01,61.312076568603516,0.5915902256965637,4.693847179412842,1.2716271877288818,1.3151999711990356,2.682750701904297
2026-07-25 10:33:11,62.114383697509766,0.6226904988288879,4.984616756439209,1.238838791847229,1.3151999711990356,2.91474986076355
2026-07-25 10:33:21,62.947540283203125,0.6142464280128479,4.509232521057129,1.176923394203186,1.3151999711990356,2.0443294048309326
2026-07-25 10:33:31,63.7329216003418,0.5854754447937012,4.7169270515441895,1.1745285987854004,1.2480000257492065,1.9667985439300537
2026-07-25 10:33:42,64.5311508178711,0.5986999273300171,4.343076705932617,1.207029104232788,1.2480000257492065,2.998809337615967
2026-07-25 10:33:52,65.34315490722656,0.621917188167572,4.929234504699707,1.2061266899108887,1.2508000135421753,1.7927387952804565
2026-07-25 10:34:02,66.14815521240234,0.6120778322219849,4.564615249633789,1.1855257749557495,1.2508000135421753,3.1924355030059814
2026-07-25 10:34:12,66.94892120361328,0.5818647742271423,4.6246137619018555,1.1675889492034912,1.208400011062622,2.6527106761932373
2026-07-25 10:34:22,67.71430969238281,0.5844890475273132,4.490774154663086,1.1851540803909302,1.2319999933242798,1.9192143678665161
2026-07-25 10:34:32,68.49553680419922,0.5803813338279724,4.5692315101623535,1.2011282444000244,1.2519999742507935,3.1830484867095947
2026-07-25 10:34:42,69.30823516845703,0.6357246041297913,4.735382080078125,1.157302737236023,1.2519999742507935,1.5612704753875732
2026-07-25 10:34:52,70.1393051147461,0.6251967549324036,4.813846111297607,1.1567190885543823,1.264799952507019,2.323986530303955
2026-07-25 10:35:02,70.94461822509766,0.5784670114517212,4.2969255447387695,1.164642095565796,1.264799952507019,3.3841779232025146
2026-07-25 10:35:12,71.72069549560547,0.5833991169929504,4.7446112632751465,1.1651909351348877,1.26419997215271,2.541652202606201
2026-07-25 10:35:22,72.52792358398438,0.6190011501312256,4.4953837394714355,1.1848671436309814,1.26419997215271,2.0370821952819824
2026-07-25 10:35:32,73.32623291015625,0.579515278339386,4.679996013641357,1.1584463119506836,1.2145999670028687,1.7120521068572998
2026-07-25 10:35:42,74.10307312011719,0.598943293094635,4.523074626922607,1.1368334293365479,1.1710000038146973,3.7984328269958496
2026-07-25 10:35:52,74.91600036621094,0.6109815239906311,4.624617576599121,1.190574049949646,1.267799973487854,0.9225918650627136
2026-07-25 10:36:02,75.71623229980469,0.6000649929046631,4.652308464050293,1.1659380197525024,1.267799973487854,1.4356306791305542
2026-07-25 10:36:13,76.49884796142578,0.5904167294502258,4.50462007522583,1.0844159126281738,1.267799973487854,6.3226752281188965
2026-07-25 10:36:23,77.29546356201172,0.6024177670478821,4.679996013641357,1.0730361938476562,1.1654000282287598,3.2116706371307373
2026-07-25 10:36:33,78.12092590332031,0.6404247879981995,4.9430766105651855,1.1303948163986206,1.1854000091552734,1.8150367736816406
2026-07-25 10:36:43,78.94638061523438,0.595408022403717,4.481541633605957,1.1611520051956177,1.212999939918518,5.684271812438965
2026-07-25 10:36:53,79.72984313964844,0.5831098556518555,4.693848609924316,1.206894040107727,1.277999997138977,2.1925597190856934
2026-07-25 10:37:03,80.50953674316406,0.5858585834503174,4.347687721252441,1.2225793600082397,1.277999997138977,2.069681406021118
2026-07-25 10:37:13,81.31468963623047,0.6127074360847473,4.758460521697998,1.1844176054000854,1.2577999830245972,1.8902690410614014
2026-07-25 10:37:23,82.09815216064453,0.5897239446640015,4.449230670928955,1.2104631662368774,1.3437999486923218,2.1593196392059326
2026-07-25 10:37:33,82.90461730957031,0.5868548154830933,4.527698040008545,1.2274067401885986,1.3437999486923218,2.4383106231689453
2026-07-25 10:37:43,83.68107604980469,0.6127465963363647,4.620000839233398,1.188098669052124,1.3295999765396118,5.437868118286133
2026-07-25 10:37:53,84.4969253540039,0.6022132635116577,4.633846759796143,1.177945852279663,1.246399998664856,2.1551263332366943
2026-07-25 10:38:03,85.30500030517578,0.616955041885376,4.8461503982543945,1.2076480388641357,1.246399998664856,1.7313637733459473
2026-07-25 10:38:13,86.13907623291016,0.6289004683494568,4.8876872062683105,1.1987764835357666,1.2430000305175781,2.2581052780151367
2026-07-25 10:38:23,86.94215393066406,0.6091023683547974,4.790771484375,1.15794038772583,1.2107999324798584,2.1065826416015625
2026-07-25 10:38:33,87.73453521728516,0.5657631754875183,4.513849258422852,1.1416261196136475,1.2020000219345093,1.5318565368652344
2026-07-25 10:38:44,88.53677368164062,0.6354292631149292,4.809229850769043,1.1505000591278076,1.2065999507904053,1.2007333040237427
2026-07-25 10:38:54,89.3353042602539,0.6063741445541382,4.541533470153809,1.1948890686035156,1.3395999670028687,1.7280099391937256
2026-07-25 10:39:04,90.15676879882812,0.5851745009422302,4.6892290115356445,1.2304456233978271,1.3395999670028687,2.7144486904144287
2026-07-25 10:39:14,90.9372329711914,0.6178959608078003,4.6892290115356445,1.2405771017074585,1.38100004196167,1.479396939277649
2026-07-25 10:39:24,91.72953796386719,0.5664536952972412,4.5692315101623535,1.2621302604675293,1.38100004196167,2.915438175201416
2026-07-25 10:39:34,92.53438568115234,0.623065710067749,4.7446184158325195,1.2497614622116089,1.38100004196167,1.6238874197006226
2026-07-25 10:39:44,93.31999969482422,0.6025549173355103,4.7815423011779785,1.2040189504623413,1.2827999591827393,1.7191017866134644
2026-07-25 10:39:54,94.1330795288086,0.588408887386322,4.430771827697754,1.2464847564697266,1.3085999488830566,3.100351572036743
2026-07-25 10:40:04,94.91861724853516,0.6076355576515198,4.5876898765563965,1.2294281721115112,1.3085999488830566,1.19503915309906
2026-07-25 10:40:14,95.7239990234375,0.5865809321403503,4.4861578941345215,1.182277798652649,1.2757999897003174,4.1901936531066895
2026-07-25 10:40:24,96.49568939208984,0.582861602306366,4.421535968780518,1.177236795425415,1.2281999588012695,1.1041878461837769
2026-07-25 10:40:34,97.30961608886719,0.6372938752174377,4.823075294494629,1.1683415174484253,1.2281999588012695,1.9830814599990845
2026-07-25 10:40:44,98.1386947631836,0.6246019601821899,4.698461532592773,1.1907322406768799,1.2531999349594116,2.4744629859924316
2026-07-25 10:40:54,98.95368957519531,0.5877782702445984,4.666153907775879,1.2124216556549072,1.2781999111175537,2.0037894248962402
2026-07-25 10:41:04,99.71830749511719,0.5709469318389893,4.31538724899292,1.2463585138320923,1.312999963760376,1.8117821216583252
2026-07-25 10:41:15,100.5091552734375,0.5892118811607361,4.5138421058654785,1.2163870334625244,1.312999963760376,1.740297794342041
2026-07-25 10:41:25,101.3184585571289,0.6347155570983887,4.6800031661987305,1.196014642715454,1.3198000192642212,2.22487211227417
2026-07-25 10:41:35,102.13753509521484,0.6060922741889954,4.721536636352539,1.226220726966858,1.3198000192642212,0.7762212157249451
2026-07-25 10:41:45,102.93876647949219,0.5973756313323975,4.513849258422852,1.2576625347137451,1.3198000192642212,3.033951997756958
2026-07-25 10:41:55,103.73992156982422,0.5954275727272034,4.6846232414245605,1.257319450378418,1.3073999881744385,1.9028013944625854
2026-07-25 10:42:05,104.52515411376953,0.5886743664741516,4.6292338371276855,1.2634665966033936,1.3073999881744385,3.7251780033111572
2026-07-25 10:42:15,105.30599975585938,0.5846636891365051,4.5969157218933105,1.2229400873184204,1.2826000452041626,1.473427176475525
2026-07-25 10:45:45,105.46638488769531,0.58623868227005,4.698454856872559,1.2151224613189697,1.2826000452041626,2.0257439613342285
2026-07-25 10:53:54,144.37576293945312,0.6038229465484619,4.578467845916748,1.2583112716674805,1.315999984741211,6.434968948364258
2026-07-25 10:54:04,145.1693115234375,0.5846441388130188,4.606152057647705,1.2206872701644897,1.315999984741211,1.467211127281189
2026-07-25 10:54:14,145.95030212402344,0.5978065729141235,4.504612922668457,1.1685580015182495,1.2273999452590942,3.657963752746582
2026-07-25 10:54:24,146.7570037841797,0.5950126051902771,4.76308012008667,1.150383472442627,1.194000005722046,2.0038297176361084
2026-07-25 10:54:34,147.5491485595703,0.6019427180290222,4.50462007522583,1.1699367761611938,1.2694000005722046,2.503565549850464
2026-07-25 10:54:45,148.3384552001953,0.5862276554107666,4.606152057647705,1.2242399454116821,1.2860000133514404,2.543020486831665
2026-07-25 10:54:55,149.1265411376953,0.6062303185462952,4.8138427734375,1.2661590576171875,1.288599967956543,3.5562338829040527
2026-07-25 10:55:05,149.94715881347656,0.611499011516571,4.555389404296875,1.2323402166366577,1.288599967956543,1.359082818031311
2026-07-25 10:55:15,150.7549285888672,0.6015059947967529,4.795384407043457,1.275999665260315,1.382200002670288,1.2506920099258423
2026-07-25 10:55:25,151.55162048339844,0.6138077974319458,4.55076265335083,1.2610533237457275,1.382200002670288,1.1199932098388672
2026-07-25 10:55:35,152.361083984375,0.6015626192092896,4.624610424041748,1.226215124130249,1.3249999284744263,1.271828532218933
2026-07-25 10:55:45,153.1593780517578,0.5932605266571045,4.550769329071045,1.2188873291015625,1.3073999881744385,1.2279853820800781
2026-07-25 10:55:55,153.9676971435547,0.6092496514320374,4.624610424041748,1.1680176258087158,1.2450000047683716,2.5762600898742676
2026-07-25 10:56:05,154.75015258789062,0.583626389503479,4.666161060333252,1.1398413181304932,1.2450000047683716,2.246706008911133
2026-07-25 10:56:15,155.5363006591797,0.5791727304458618,4.232306957244873,1.1316399574279785,1.2007999420166016,2.1490392684936523
2026-07-25 10:56:25,156.34030151367188,0.6207287907600403,4.726149559020996,1.1954196691513062,1.2452000379562378,1.8093568086624146
2026-07-25 10:56:35,157.14968872070312,0.6227409243583679,4.587700366973877,1.2203084230422974,1.264799952507019,1.6595549583435059
2026-07-25 10:56:45,157.9784698486328,0.6096619367599487,4.555375099182129,1.1837718486785889,1.264799952507019,2.190699338912964
2026-07-25 10:56:55,158.78530883789062,0.6089577078819275,4.430765151977539,1.164821982383728,1.2482000589370728,2.7810046672821045
2026-07-25 10:57:05,159.59861755371094,0.5881597399711609,4.707690715789795,1.17071533203125,1.2690000534057617,3.0717694759368896
2026-07-25 10:57:16,160.3946990966797,0.6079149842262268,4.523078441619873,1.1643158197402954,1.2690000534057617,4.005035400390625
2026-07-25 10:57:26,161.20277404785156,0.5975580215454102,4.569228172302246,1.2055094242095947,1.2702000141143799,1.5699759721755981
2026-07-25 10:57:36,161.970458984375,0.5833773612976074,4.481541633605957,1.2403463125228882,1.3451999425888062,3.9231059551239014
2026-07-25 10:57:46,162.78414916992188,0.6042963266372681,4.536910057067871,1.2818901538848877,1.367799997329712,1.6367456912994385
2026-07-25 10:57:56,163.56692504882812,0.6032088994979858,4.684619426727295,1.246320366859436,1.367799997329712,1.8379453420639038
2026-07-25 10:58:06,164.36453247070312,0.5790235996246338,4.504612922668457,1.170961856842041,1.2934000492095947,5.432737827301025
2026-07-25 10:58:16,157.361083984375,22.23355484008789,-219.3969268798828,1.144655466079712,1.1973999738693237,4.985033988952637
2026-07-25 10:58:26,97.1948471069336,74.16203308105469,-368.7830810546875,0.9521192908287048,1.1884000301361084,1.4458884000778198
2026-07-25 10:58:36,35.77415466308594,56.640316009521484,-368.96307373046875,0.6328607201576233,1.040600061416626,4.364990711212158
2026-07-25 10:58:46,5.463230609893799,0.6072406768798828,4.5276923179626465,0.47670987248420715,0.5174000263214111,2.1278204917907715
2026-07-25 10:58:56,6.288461685180664,0.6449794769287109,4.790769100189209,0.4559027850627899,0.4797999858856201,3.3715767860412598
2026-07-25 10:59:06,7.130461692810059,0.6153984069824219,4.698461532592773,0.4579378068447113,0.47519999742507935,2.334665536880493
2026-07-25 10:59:17,7.921307563781738,0.5675433874130249,4.546154022216797,0.4546683132648468,0.47519999742507935,2.121481418609619
2026-07-25 10:59:27,8.689615249633789,0.5876076817512512,4.546154022216797,0.45757952332496643,0.49639999866485596,1.5900585651397705
2026-07-25 10:59:37,9.478230476379395,0.6058358550071716,4.689230918884277,0.46117132902145386,0.49639999866485596,1.63310968875885
2026-07-25 10:59:47,10.291999816894531,0.611846387386322,4.776923179626465,0.4458892047405243,0.4607999920845032,2.1661863327026367
2026-07-25 10:59:57,11.096846580505371,0.5972350239753723,4.684615612030029,0.44736194610595703,0.4607999920845032,2.666332960128784
2026-07-25 11:00:07,11.905922889709473,0.6197757720947266,4.763077735900879,0.44658732414245605,0.47040000557899475,4.680694580078125
2026-07-25 11:00:17,12.718461990356445,0.6155855655670166,4.638461112976074,0.45877841114997864,0.4781999886035919,1.7263044118881226
2026-07-25 11:00:27,13.496461868286133,0.548133373260498,4.421538352966309,0.4627797305583954,0.4781999886035919,2.5696709156036377
2026-07-25 11:00:37,14.267000198364258,0.5926810503005981,4.509230613708496,0.4549288749694824,0.4681999981403351,2.7866477966308594
2026-07-25 11:00:47,15.06476879119873,0.6151946187019348,4.712307929992676,0.4542038142681122,0.4681999981403351,4.093443393707275
2026-07-25 11:00:57,15.881230354309082,0.5975924134254456,4.486154556274414,0.465950071811676,0.48420000076293945,1.1615773439407349
2026-07-25 11:01:07,16.66715431213379,0.5852004885673523,4.467691421508789,0.4477980136871338,0.48420000076293945,1.2457051277160645
2026-07-25 11:01:17,17.460769653320312,0.6058974266052246,4.458461284637451,0.4346257746219635,0.4634000062942505,1.2150682210922241
2026-07-25 11:01:27,18.275999069213867,0.6151023507118225,4.726154804229736,0.4534744918346405,0.47279998660087585,3.1163809299468994
2026-07-25 11:01:37,19.073230743408203,0.589368462562561,4.541538715362549,0.4516059160232544,0.47279998660087585,1.7377725839614868
2026-07-25 11:01:48,19.873769760131836,0.5941610932350159,4.550768852233887,0.448412150144577,0.47760000824928284,2.234921455383301
2026-07-25 11:01:58,20.67369270324707,0.618876576423645,4.744616508483887,0.45169487595558167,0.47760000824928284,2.1274986267089844
2026-07-25 11:02:08,21.487308502197266,0.6109402775764465,4.675384044647217,0.4437400996685028,0.47760000824928284,3.115140199661255
2026-07-25 11:02:18,22.283153533935547,0.5831443667411804,4.513847351074219,0.4460684657096863,0.4691999852657318,2.0094387531280518
2026-07-25 11:02:28,23.064462661743164,0.5883909463882446,4.721538066864014,0.4709263741970062,0.49799999594688416,1.6239334344863892
2026-07-25 11:02:38,23.87092399597168,0.6121768355369568,4.698460578918457,0.47771498560905457,0.49799999594688416,1.8180946111679077
2026-07-25 11:02:48,24.676231384277344,0.6066619753837585,4.629229545593262,0.46616092324256897,0.4952000081539154,4.040765285491943
2026-07-25 11:02:58,25.495922088623047,0.6106139421463013,4.4169230461120605,0.4357112944126129,0.46959999203681946,1.2853691577911377
2026-07-25 11:03:08,26.271154403686523,0.5816304683685303,4.444616794586182,0.43489599227905273,0.47380000352859497,1.6026732921600342
2026-07-25 11:03:18,27.043846130371094,0.5779563188552856,4.467691421508789,0.4505895972251892,0.47380000352859497,6.569840431213379
2026-07-25 11:03:28,27.842845916748047,0.6092067360877991,4.652307510375977,0.45263227820396423,0.46720001101493835,2.538059949874878
2026-07-25 11:03:38,28.669153213500977,0.6356673836708069,5.007693290710449,0.4547490179538727,0.4790000021457672,1.467856764793396
2026-07-25 11:03:48,29.4858455657959,0.6229620575904846,4.8461527824401855,0.4467849135398865,0.4790000021457672,1.7344262599945068
2026-07-25 11:03:59,30.313385009765625,0.5879282355308533,4.758461952209473,0.44918543100357056,0.4828000068664551,1.717368483543396
2026-07-25 11:04:09,31.10369300842285,0.6069119572639465,4.499999046325684,0.46314629912376404,0.4896000027656555,2.229447841644287
2026-07-25 11:04:19,31.89092254638672,0.5789730548858643,4.527691841125488,0.4597264528274536,0.4896000027656555,1.926436185836792
2026-07-25 11:04:29,32.66569137573242,0.6007763147354126,4.541539192199707,0.42532485723495483,0.4537999927997589,1.221004605293274
2026-07-25 11:04:39,33.47061538696289,0.61201411485672,4.679999828338623,0.4162016212940216,0.4399999976158142,1.087044596672058
2026-07-25 11:04:49,34.28507614135742,0.6131219863891602,4.901537895202637,0.4399579167366028,0.47679999470710754,2.962066173553467
2026-07-25 11:04:59,35.085384368896484,0.596825122833252,4.6061553955078125,0.4497942626476288,0.47679999470710754,4.405449867248535
2026-07-25 11:05:09,35.87315368652344,0.5729126334190369,4.536920547485352,0.4424077570438385,0.45719999074935913,1.9155718088150024
2026-07-25 11:05:19,36.67338562011719,0.6243574619293213,4.559997081756592,0.44686412811279297,0.47200000286102295,3.132355213165283
2026-07-25 11:05:29,37.479923248291016,0.6028749942779541,4.546154975891113,0.4489547610282898,0.47200000286102295,3.77256178855896
2026-07-25 11:05:39,38.28415298461914,0.58697909116745,4.449230670928955,0.44968515634536743,0.4708000123500824,3.108224868774414
2026-07-25 11:05:49,39.07915496826172,0.6021178960800171,4.444615840911865,0.4635677933692932,0.4828000068664551,1.4337161779403687
2026-07-25 11:05:59,39.88869094848633,0.6136525273323059,4.583078861236572,0.4646194577217102,0.4828000068664551,1.2537410259246826
2026-07-25 11:06:10,40.689998626708984,0.5976389646530151,4.578464031219482,0.4480177164077759,0.460999995470047,2.6584420204162598
2026-07-25 11:06:20,41.49953842163086,0.60305255651474,4.684614181518555,0.44117122888565063,0.45100000500679016,1.7422077655792236
2026-07-25 11:06:30,42.30430603027344,0.5980247855186462,4.5461530685424805,0.4523750841617584,0.48659998178482056,2.520247459411621
2026-07-25 11:06:40,43.09846115112305,0.5933985114097595,4.712307453155518,0.4781757593154907,0.501800000667572,1.9738047122955322
2026-07-25 11:06:50,43.88330841064453,0.6062758564949036,4.550769329071045,0.4815387427806854,0.501800000667572,2.2785727977752686
2026-07-25 11:07:00,44.681922912597656,0.5916010141372681,4.915389060974121,0.46894291043281555,0.4950000047683716,3.015157699584961
2026-07-25 11:07:10,45.4752311706543,0.6061168313026428,4.5738444328308105,0.4600749909877777,0.4803999960422516,1.607404351234436
2026-07-25 11:07:20,46.276153564453125,0.5914029479026794,4.827692031860352,0.45385807752609253,0.4803999960422516,6.521510601043701
2026-07-25 11:07:30,47.08792495727539,0.6404639482498169,4.790771484375,0.4466695487499237,0.46239998936653137,4.527102947235107
2026-07-25 11:07:40,47.911537170410156,0.6105025410652161,4.583075523376465,0.43742692470550537,0.46239998936653137,2.4053971767425537
2026-07-25 11:07:50,48.70077133178711,0.5586749911308289,4.310769081115723,0.4374636113643646,0.4713999927043915,2.699127197265625
2026-07-25 11:08:00,49.476844787597656,0.5993697643280029,4.578462600708008,0.45833921432495117,0.4896000027656555,2.1733052730560303
2026-07-25 11:08:10,50.27684783935547,0.611116886138916,4.5461530685424805,0.4771233797073364,0.49000000953674316,1.3258662223815918
2026-07-25 11:08:21,51.07515335083008,0.5857986807823181,4.661539554595947,0.4732165038585663,0.49000000953674316,3.4248409271240234
2026-07-25 11:09:29,7.0568461418151855,0.600652277469635,4.333846092224121,0.44776639342308044,0.4722000062465668,3.7757630348205566
2026-07-25 11:09:39,7.790538311004639,0.6194992065429688,4.795384883880615,0.4508018493652344,0.4722000062465668,2.952592134475708
2026-07-25 11:09:49,8.597846031188965,0.5959723591804504,4.573845863342285,0.4591653347015381,0.4722000062465668,1.8992031812667847
2026-07-25 11:09:59,9.484846115112305,0.5897697806358337,4.536923408508301,0.4529467523097992,0.47040000557899475,1.4981720447540283
2026-07-25 11:10:09,10.267000198364258,0.600399374961853,4.601537704467773,0.43529048562049866,0.46160000562667847,2.5099844932556152
2026-07-25 11:10:19,11.062153816223145,0.5847052931785583,4.467691898345947,0.42915570735931396,0.4697999954223633,5.307742595672607
2026-07-25 11:10:30,11.859538078308105,0.6100189685821533,4.596922874450684,0.45225200057029724,0.4918000102043152,1.270666480064392
2026-07-25 11:10:40,12.651692390441895,0.5839542746543884,4.50461483001709,0.4632667899131775,0.4918000102043152,1.8289765119552612
2026-07-25 11:10:50,13.45915412902832,0.6073286533355713,4.601539134979248,0.4587133228778839,0.48080000281333923,1.8251876831054688
2026-07-25 11:11:00,14.246153831481934,0.6159360408782959,4.675384998321533,0.46294131875038147,0.4819999933242798,3.171670913696289
2026-07-25 11:11:10,15.064308166503906,0.5856338739395142,4.569231986999512,0.4481739401817322,0.4819999933242798,1.5870848894119263
2026-07-25 11:11:20,15.882692337036133,0.6346517205238342,4.850769996643066,0.44724324345588684,0.4749999940395355,1.8684532642364502
2026-07-25 11:11:30,16.690692901611328,0.6084243655204773,4.698461055755615,0.45716169476509094,0.4749999940395355,2.8689517974853516
2026-07-25 11:11:40,17.505538940429688,0.6006217002868652,4.606154441833496,0.46152666211128235,0.4758000075817108,1.039421796798706
2026-07-25 11:11:50,18.278461456298828,0.5777575373649597,4.47692346572876,0.45995673537254333,0.4758000075817108,2.1812689304351807
2026-07-25 11:12:00,19.055461883544922,0.5724199414253235,4.541540145874023,0.45340391993522644,0.47200000286102295,2.28704833984375
2026-07-25 11:12:10,19.844846725463867,0.6309922933578491,4.703078269958496,0.4471917450428009,0.47040000557899475,1.3638861179351807
2026-07-25 11:12:20,20.667537689208984,0.6031237840652466,4.449231147766113,0.45104506611824036,0.49540001153945923,3.207667827606201
2026-07-25 11:12:30,21.45869255065918,0.5703750252723694,4.5138444900512695,0.4730876088142395,0.49959999322891235,2.334165096282959
2026-07-25 11:12:40,22.264616012573242,0.641785740852356,4.670767784118652,0.480013906955719,0.49959999322891235,3.1335318088531494
2026-07-25 11:12:51,23.082691192626953,0.605752170085907,4.721538066864014,0.4662724733352661,0.48240000009536743,1.7523479461669922
2026-07-25 11:13:01,23.902692794799805,0.5886751413345337,4.403075695037842,0.4625776410102844,0.4819999933242798,3.190976142883301
2026-07-25 11:13:11,24.705154418945312,0.6270471215248108,4.735385417938232,0.4421936273574829,0.4819999933242798,0.8710163831710815
2026-07-25 11:13:21,25.482769012451172,0.5702263712882996,4.310769081115723,0.43504491448402405,0.47440001368522644,1.2601203918457031
2026-07-25 11:13:31,26.263999938964844,0.5774990916252136,4.361539840698242,0.45760610699653625,0.47519999742507935,5.955880641937256
2026-07-25 11:13:41,27.0682315826416,0.6386193633079529,4.730769157409668,0.4603067934513092,0.48340001702308655,1.4996144771575928
2026-07-25 11:13:51,27.89492416381836,0.6160065531730652,4.7584614753723145,0.4568377137184143,0.48340001702308655,2.7625885009765625
2026-07-25 11:15:09,3.967846155166626,0.11407951265573502,-0.027692390605807304,0.4546862840652466,0.4780000150203705,1.8268730640411377
2026-07-25 11:15:19,3.989384651184082,0.11752419918775558,0.041538532823324203,0.46902042627334595,0.503600001335144,2.490715265274048
2026-07-25 11:15:29,3.9842307567596436,0.10465671867132187,0.706153929233551,0.4670674204826355,0.503600001335144,2.5885143280029297
2026-07-25 11:16:08,4.081461429595947,0.1791454553604126,-0.23076900839805603,0.47792473435401917,0.5072000026702881,3.526899576187134
2026-07-25 11:16:18,4.1175384521484375,0.15406322479248047,0.8769229054450989,0.45962467789649963,0.4765999913215637,1.7595412731170654
2026-07-25 11:16:28,4.07715368270874,0.1445120871067047,-1.1076923608779907,0.4454205334186554,0.46799999475479126,1.9204795360565186
2026-07-25 11:16:38,3.981153964996338,0.13935914635658264,0.027692390605807304,0.4394039213657379,0.46799999475479126,3.1650543212890625
2026-07-25 11:16:48,3.957923173904419,0.12667401134967804,-0.35999998450279236,0.42685794830322266,0.44280001521110535,2.3635196685791016
2026-07-25 11:16:58,3.968846082687378,0.11128644645214081,-0.193846195936203,0.4290168583393097,0.4607999920845032,3.60848069190979
2026-07-25 11:17:08,3.9732308387756348,0.12712088227272034,-0.8400002121925354,0.4453788697719574,0.4803999960422516,1.439807415008545
2026-07-25 11:17:18,3.9775383472442627,0.13409675657749176,0.34615394473075867,0.4533011317253113,0.4803999960422516,1.6485155820846558
2026-07-25 11:18:33,7.897230625152588,0.585196852684021,4.393846035003662,0.4196983575820923,0.43939998745918274,2.663480281829834
2026-07-25 11:18:44,8.677769660949707,0.593513548374176,4.338461875915527,0.44307270646095276,0.460999995470047,1.4455848932266235
2026-07-25 11:18:54,9.48169231414795,0.6044246554374695,4.550769329071045,0.4530031085014343,0.460999995470047,4.0306172370910645
2026-07-25 11:19:04,10.281384468078613,0.6221522688865662,4.5646162033081055,0.45637038350105286,0.4740000069141388,3.5339677333831787
2026-07-25 11:19:14,11.098691940307617,0.5847818851470947,4.633846282958984,0.46056652069091797,0.4740000069141388,3.8527989387512207
2026-07-25 11:19:24,11.902769088745117,0.6203904151916504,4.7076921463012695,0.4650479555130005,0.4772000014781952,2.117210626602173
2026-07-25 11:19:34,12.71330738067627,0.6087445616722107,4.8184614181518555,0.46284908056259155,0.4772000014781952,3.2216334342956543
2026-07-25 11:19:44,13.510076522827148,0.5753985643386841,4.444615364074707,0.47552427649497986,0.5242000222206116,3.307023048400879
2026-07-25 11:19:54,14.281615257263184,0.5829489827156067,4.50922966003418,0.48567962646484375,0.5242000222206116,1.744615077972412
2026-07-25 11:20:04,15.061230659484863,0.600589394569397,4.546153545379639,0.4663969874382019,0.5242000222206116,1.8832688331604004
2026-07-25 11:20:14,15.863384246826172,0.6066616773605347,4.610769271850586,0.43744075298309326,0.4503999948501587,3.28851318359375
2026-07-25 11:20:24,16.68199920654297,0.6214379668235779,4.8553853034973145,0.45867884159088135,0.4992000162601471,1.5663114786148071
2026-07-25 11:20:34,17.491769790649414,0.5958592891693115,4.638462066650391,0.46402058005332947,0.4992000162601471,1.659837245941162
2026-07-25 11:20:44,18.282846450805664,0.5762540698051453,4.569228649139404,0.44901013374328613,0.4821999967098236,2.1553962230682373
2026-07-25 11:20:55,19.066999435424805,0.6170617938041687,4.9153852462768555,0.4581162929534912,0.48659998178482056,1.2795127630233765
2026-07-25 11:21:05,19.871538162231445,0.6151002645492554,4.67538595199585,0.48055732250213623,0.503000020980835,2.076486825942993
2026-07-25 11:21:15,20.67838478088379,0.5882377624511719,4.776923179626465,0.47635072469711304,0.5152000188827515,2.670759677886963
2026-07-25 11:21:25,21.472307205200195,0.6089290380477905,4.813845634460449,0.4748701751232147,0.5152000188827515,1.7772612571716309
2026-07-25 11:21:35,22.283153533935547,0.6150088310241699,4.592308044433594,0.4658147990703583,0.49880000948905945,2.1917951107025146
2026-07-25 11:21:45,23.073537826538086,0.583969235420227,4.573845863342285,0.4756026864051819,0.5019999742507935,2.0906052589416504
2026-07-25 11:21:55,23.869461059570312,0.6123607158660889,4.679999828338623,0.4765913188457489,0.5105999708175659,1.9403808116912842
2026-07-25 11:22:05,24.68515396118164,0.6093654036521912,4.550769329071045,0.44872355461120605,0.5105999708175659,1.5780397653579712
2026-07-25 11:22:15,25.495845794677734,0.5974066853523254,4.721538066864014,0.43720194697380066,0.47119998931884766,1.0905388593673706
2026-07-25 11:22:25,26.28792381286621,0.6018681526184082,4.490768909454346,0.45569127798080444,0.47119998931884766,7.479786396026611
2026-07-25 11:22:35,27.10907745361328,0.6034352779388428,4.656922340393066,0.45927444100379944,0.47119998931884766,3.09340763092041
2026-07-25 11:22:45,27.889846801757812,0.6001579165458679,4.5,0.45040133595466614,0.4635999798774719,2.669175386428833
2026-07-25 11:22:55,28.681306838989258,0.5796631574630737,4.546152114868164,0.45072388648986816,0.47699999809265137,2.1345653533935547
2026-07-25 11:23:05,29.469768524169922,0.6083645820617676,4.569228649139404,0.46582189202308655,0.5054000020027161,2.984311580657959
2026-07-25 11:23:16,30.287153244018555,0.6115043759346008,4.943077564239502,0.47254619002342224,0.5054000020027161,3.137321710586548
2026-07-25 11:23:26,31.104154586791992,0.6341728568077087,4.758460521697998,0.4576357305049896,0.487199991941452,2.8863706588745117
2026-07-25 11:23:36,31.919153213500977,0.594752311706543,4.693847179412842,0.444907009601593,0.45840001106262207,3.640538215637207
2026-07-25 11:23:46,32.723384857177734,0.5934596657752991,4.560000419616699,0.4357931315898895,0.4447999894618988,2.409942626953125
2026-07-25 11:23:56,33.5091552734375,0.6030296087265015,4.564613342285156,0.4358011484146118,0.45659998059272766,2.543828010559082
2026-07-25 11:24:06,34.30353927612305,0.5902329087257385,4.5323076248168945,0.44000938534736633,0.45659998059272766,1.9602172374725342
2026-07-25 11:24:16,35.087615966796875,0.590035617351532,4.47230863571167,0.4356638789176941,0.4564000070095062,1.7709012031555176
2026-07-25 11:24:26,35.87461471557617,0.5907066464424133,4.827692031860352,0.44157490134239197,0.46700000762939453,3.1426870822906494
2026-07-25 11:24:36,36.68769073486328,0.6146337389945984,4.60615348815918,0.43614527583122253,0.46700000762939453,3.8262131214141846
2026-07-25 11:24:46,37.48869323730469,0.5977608561515808,4.726154804229736,0.44045281410217285,0.47040000557899475,1.5998462438583374
2026-07-25 11:24:56,38.28123092651367,0.5950746536254883,4.513847351074219,0.4500216543674469,0.47040000557899475,2.5304954051971436
2026-07-25 11:25:07,39.08253860473633,0.6081671714782715,4.666153907775879,0.44752728939056396,0.4699999988079071,2.8534674644470215
2026-07-25 11:25:17,39.87992477416992,0.6022201180458069,4.758461952209473,0.45191332697868347,0.5019999742507935,3.9330782890319824
2026-07-25 11:25:27,40.69654083251953,0.6165584921836853,4.624615669250488,0.461471289396286,0.5019999742507935,2.7429230213165283
2026-07-25 11:25:37,41.48692321777344,0.5791153907775879,4.578455448150635,0.4490744471549988,0.4745999872684479,1.3986694812774658
2026-07-25 11:25:47,42.278770446777344,0.6015867590904236,4.610770225524902,0.461119145154953,0.490200012922287,1.967011570930481
2026-07-25 11:25:57,43.08753967285156,0.6220111846923828,4.910768985748291,0.46969902515411377,0.490200012922287,3.3814194202423096
2026-07-25 11:26:07,43.893463134765625,0.5897523164749146,4.518462181091309,0.46259957551956177,0.4761999845504761,2.0320324897766113
2026-07-25 11:27:18,7.4026923179626465,0.605835497379303,4.684615612030029,1.206889271736145,1.2882000207901,4.43206787109375
2026-07-25 11:27:28,8.20915412902832,0.5950393080711365,4.5923075675964355,1.2361125946044922,1.3366000652313232,1.73641836643219
2026-07-25 11:27:38,8.984768867492676,0.5845913290977478,4.583076000213623,1.2561619281768799,1.3366000652313232,2.035763740539551
2026-07-25 11:27:48,9.748692512512207,0.5677317380905151,4.389230251312256,1.221821665763855,1.3265999555587769,2.910788059234619
2026-07-25 11:27:58,10.564077377319336,0.6285112500190735,4.698461055755615,1.2011178731918335,1.2741999626159668,2.0491294860839844
2026-07-25 11:28:08,11.411538124084473,0.6560755968093872,5.113846778869629,1.1926935911178589,1.2741999626159668,5.237410068511963
2026-07-25 11:28:18,12.215461730957031,0.5767744183540344,4.287692070007324,1.1725398302078247,1.2391999959945679,7.073232173919678
2026-07-25 11:28:28,13.008846282958984,0.5896849632263184,4.541538715362549,1.2330121994018555,1.343000054359436,2.1037240028381348
2026-07-25 11:28:38,13.788537979125977,0.611839234828949,4.864615440368652,1.2625136375427246,1.343000054359436,2.201695680618286
2026-07-25 11:28:48,14.599692344665527,0.594683051109314,4.698461532592773,1.2408201694488525,1.343000054359436,2.4957351684570312
2026-07-25 11:28:59,15.393692016601562,0.6006877422332764,4.693845272064209,1.2634080648422241,1.3722000122070312,3.310656785964966
2026-07-25 11:29:09,16.169384002685547,0.5898851752281189,4.601539134979248,1.2647508382797241,1.3722000122070312,3.577817916870117
2026-07-25 11:29:19,16.984153747558594,0.6234792470932007,4.656924247741699,1.247851014137268,1.3722000122070312,4.300882816314697
2026-07-25 11:41:24,74.6805419921875,0.6362411975860596,4.758460521697998,1.2144654989242554,1.285599946975708,3.124072551727295
2026-07-25 11:41:34,75.48392486572266,0.5799461603164673,4.698461532592773,1.2267675399780273,1.2890000343322754,2.3983941078186035
2026-07-25 11:41:44,76.27738189697266,0.5928672552108765,4.463076114654541,1.198301911354065,1.2890000343322754,1.5645489692687988
2026-07-25 11:41:54,77.06192016601562,0.5931957960128784,4.7030744552612305,1.1202396154403687,1.1959999799728394,2.2950618267059326
2026-07-25 11:42:04,77.87238311767578,0.6176623106002808,4.523078441619873,1.168316125869751,1.3514000177383423,2.156822681427002
2026-07-25 11:50:36,118.60169219970703,0.6081273555755615,4.9523091316223145,1.1804115772247314,1.2863999605178833,1.6917036771774292
2026-07-25 11:56:19,145.95323181152344,0.6010542511940002,4.68461275100708,1.0900410413742065,1.1394000053405762,2.2985424995422363
2026-07-25 11:57:38,152.20692443847656,0.586696445941925,4.689232349395752,1.2209538221359253,1.2644000053405762,2.2311208248138428
2026-07-25 11:59:09,159.48345947265625,0.6053658127784729,4.698458194732666,1.223063588142395,1.3348000049591064,2.8996944427490234
2026-07-25 12:00:02,163.65145874023438,0.578870952129364,4.573847770690918,1.2172832489013672,1.3314000368118286,3.495053768157959
2026-07-25 12:00:12,164.43307495117188,0.5947889685630798,4.518465518951416,1.1342964172363281,1.2594000101089478,2.04426908493042
2026-07-25 12:00:22,165.22946166992188,0.602238118648529,4.675379753112793,1.1285841464996338,1.253999948501587,2.1380510330200195
2026-07-25 12:00:32,166.0342254638672,0.5990917682647705,4.536916732788086,1.1812256574630737,1.253999948501587,2.8455259799957275
2026-07-25 12:01:54,172.52976989746094,0.5946835279464722,4.356924057006836,1.1448554992675781,1.1920000314712524,3.28903865814209
2026-07-25 12:02:04,173.3250732421875,0.604804515838623,4.643089771270752,1.1738609075546265,1.2583999633789062,2.3623125553131104
2026-07-25 12:02:14,174.10423278808594,0.5698397159576416,4.356910228729248,1.2247518301010132,1.2653999328613281,3.6011831760406494
2026-07-25 12:02:24,174.89515686035156,0.5936809182167053,4.712310791015625,1.255387544631958,1.284600019454956,4.885619640350342
2026-07-25 12:02:34,175.7014617919922,0.6395663619041443,4.823089599609375,1.2467868328094482,1.284600019454956,3.0509307384490967
2026-07-25 12:02:44,176.5352325439453,0.6086493134498596,4.698458194732666,1.237697720527649,1.2732000350952148,3.324432611465454
2026-07-25 12:02:54,177.33184814453125,0.5873355269432068,4.63847017288208,1.2621153593063354,1.3082000017166138,2.433567762374878
2026-07-25 12:03:04,178.13177490234375,0.5990591645240784,4.638463020324707,1.2837989330291748,1.3173999786376953,2.4575836658477783
2026-07-25 12:03:14,178.92799377441406,0.6035640239715576,4.587686538696289,1.2500581741333008,1.3173999786376953,1.3248960971832275
2026-07-25 12:03:24,179.7361602783203,0.6027630567550659,4.675394058227539,1.200683832168579,1.253600001335144,3.1721737384796143
2026-07-25 13:17:15,232.23692321777344,0.6201038360595703,4.813849925994873,1.215698480606079,1.3073999881744385,3.0591354370117188
2026-07-25 13:17:25,233.01168823242188,0.5773811936378479,4.421525001525879,1.206041932106018,1.268399953842163,2.560621500015259
2026-07-25 13:17:35,233.78561401367188,0.5698210000991821,4.481541633605957,1.2384533882141113,1.2824000120162964,3.1334030628204346
2026-07-25 13:17:45,234.5822296142578,0.6185421347618103,4.804616928100586,1.210223913192749,1.2824000120162964,1.8567190170288086
2026-07-25 13:17:55,235.4051513671875,0.625200092792511,4.703078269958496,1.1891072988510132,1.2998000383377075,1.775896668434143
2026-07-25 13:18:05,236.2064666748047,0.5869501829147339,4.689225196838379,1.201712965965271,1.2998000383377075,1.5158426761627197
2026-07-25 13:18:15,237.00392150878906,0.5952979326248169,4.47230863571167,1.2237513065338135,1.2998000383377075,1.6505284309387207
2026-07-25 13:18:26,237.78038024902344,0.583315372467041,4.583066463470459,1.2269097566604614,1.281599998474121,3.0496227741241455
2026-07-25 13:18:36,238.5792236328125,0.5994938015937805,4.509225845336914,1.2527965307235718,1.281599998474121,1.3804115056991577
2026-07-25 13:18:46,239.39576721191406,0.6398130655288696,4.799997329711914,1.1919327974319458,1.2654000520706177,1.2968018054962158
2026-07-25 13:18:56,240.23583984375,0.6209222674369812,4.559995174407959,1.2062422037124634,1.323599934577942,1.378265619277954
2026-07-25 13:19:06,241.0209197998047,0.5691440105438232,4.624617576599121,1.2494016885757446,1.323599934577942,3.1986937522888184
2026-07-25 13:19:16,241.79762268066406,0.5920223593711853,4.472315788269043,1.2697185277938843,1.3348000049591064,2.5969674587249756
2026-07-25 13:19:26,242.60438537597656,0.6199712753295898,4.89693021774292,1.2595078945159912,1.3348000049591064,1.6079825162887573
2026-07-25 13:19:36,243.4291534423828,0.6082088947296143,4.670766830444336,1.210283875465393,1.3004000186920166,8.489466667175293
2026-07-25 13:19:46,244.22023010253906,0.5917075872421265,4.684619426727295,1.2083439826965332,1.253999948501587,2.358022928237915
2026-07-25 13:19:56,245.00662231445312,0.5863801836967468,4.435378074645996,1.2020189762115479,1.253999948501587,2.119925022125244
2026-07-25 13:20:06,245.79031372070312,0.5904390215873718,4.800004005432129,1.2014200687408447,1.2438000440597534,1.9968806505203247
2026-07-25 13:20:16,246.57408142089844,0.605036735534668,4.555389404296875,1.2415761947631836,1.3115999698638916,2.833533525466919
2026-07-25 13:20:27,247.38299560546875,0.5987451076507568,4.776918888092041,1.2181676626205444,1.3115999698638916,2.534940242767334
2026-07-25 13:20:37,248.17462158203125,0.6046569347381592,4.58308744430542,1.2097119092941284,1.2985999584197998,2.411545753479004
2026-07-25 13:22:22,6.995384693145752,0.5887542963027954,4.389230251312256,1.1365926265716553,1.1721999645233154,2.9512858390808105
2026-07-25 13:22:32,7.818538188934326,0.6131355166435242,4.619999408721924,1.1679004430770874,1.2486000061035156,2.4501798152923584
2026-07-25 13:22:42,8.610461235046387,0.6052563786506653,4.5323076248168945,1.2419604063034058,1.3519999980926514,2.2427451610565186
2026-07-25 13:22:52,9.40507698059082,0.5637270212173462,4.121539115905762,1.3004589080810547,1.3519999980926514,1.8006861209869385
2026-07-25 13:23:02,10.182615280151367,0.6106041669845581,4.7076921463012695,1.2605093717575073,1.3519999980926514,2.012721300125122
2026-07-25 13:23:12,10.979615211486816,0.604497492313385,4.329230785369873,1.1862406730651855,1.2618000507354736,2.1772375106811523
2026-07-25 13:23:22,11.614153861999512,0.3917817175388336,2.8015382289886475,1.1800777912139893,1.2305999994277954,2.194613218307495
2026-07-25 13:23:32,11.949846267700195,0.12081509083509445,1.1076925992965698,1.195087194442749,1.2431999444961548,2.764979600906372
2026-07-25 13:23:42,12.028923034667969,0.04078169912099838,0.28153830766677856,1.1679446697235107,1.2431999444961548,2.9131693840026855
2026-07-25 13:23:52,12.028769493103027,0.04270142316818237,-0.03230798989534378,1.1574126482009888,1.2223999500274658,2.5624513626098633
2026-07-25 13:24:03,12.010846138000488,0.034158818423748016,-0.15230853855609894,1.158046007156372,1.2223999500274658,1.6464201211929321
2026-07-25 13:24:13,11.997154235839844,0.030133921653032303,0.253846675157547,1.1782664060592651,1.3032000064849854,4.05768346786499
2026-07-25 13:24:23,12.001384735107422,0.0301828496158123,-0.1615373194217682,1.2776654958724976,1.3946000337600708,1.2802352905273438
2026-07-25 13:24:33,12.003076553344727,0.045953840017318726,0.21230770647525787,1.3009837865829468,1.3946000337600708,2.007397413253784
2026-07-25 13:24:43,11.998615264892578,0.04960067942738533,-0.193846195936203,1.1971303224563599,1.3351999521255493,2.1990113258361816
2026-07-25 13:24:53,11.996615409851074,0.04770990088582039,-0.013846030458807945,1.1565721035003662,1.253000020980835,3.271368980407715
2026-07-25 13:25:03,11.997307777404785,0.0494241900742054,0.07846113294363022,1.1928750276565552,1.253000020980835,2.4602744579315186
2026-07-25 13:25:13,12.008538246154785,0.03884705901145935,0.10615407675504684,1.2297122478485107,1.2573999166488647,3.514855146408081
2026-07-25 13:25:23,12.003153800964355,0.037454262375831604,-0.21692320704460144,1.2155191898345947,1.2573999166488647,1.7427297830581665
2026-07-25 13:25:33,11.997846603393555,0.042668361216783524,0.34153836965560913,1.1994870901107788,1.2558000087738037,2.4242300987243652
2026-07-25 13:25:44,12.019692420959473,0.04614252969622612,-0.013845590874552727,1.2075514793395996,1.2790000438690186,2.596281051635742
2026-07-25 13:25:54,12.060999870300293,0.04138464853167534,0.18923069536685944,1.2034580707550049,1.2790000438690186,1.8018501996994019
2026-07-25 13:26:04,12.04107666015625,0.0506213940680027,-0.25384581089019775,1.143056869506836,1.2782000303268433,3.066610813140869
2026-07-25 13:26:14,12.02423095703125,0.04486324265599251,-0.166153684258461,1.164945363998413,1.3026000261306763,1.5731970071792603
2026-07-25 13:26:24,12.001076698303223,0.03832743689417839,-0.166153684258461,1.2579535245895386,1.3220000267028809,3.787781000137329
2026-07-25 13:26:34,12.01830768585205,0.043442923575639725,-0.018461080268025398,1.263208031654358,1.3220000267028809,1.4999065399169922
2026-07-25 13:26:44,12.015615463256836,0.04346884787082672,-0.06000049412250519,1.2180044651031494,1.2657999992370605,4.652772426605225
2026-07-25 13:26:54,12.002230644226074,0.03478872403502464,-0.2676927149295807,1.2122477293014526,1.2860000133514404,3.0232582092285156
2026-07-25 13:27:04,11.996846199035645,0.0341767780482769,-0.09230804443359375,1.1813410520553589,1.2860000133514404,2.0083324909210205
2026-07-25 13:27:14,11.98723030090332,0.030754994601011276,-0.15692271292209625,1.1440212726593018,1.2037999629974365,2.6829895973205566
2026-07-25 13:27:24,12.004615783691406,0.025199314579367638,0.09230804443359375,1.1881307363510132,1.2741999626159668,1.7967928647994995
2026-07-25 13:27:34,12.027000427246094,0.04056999832391739,0.0969230979681015,1.1937272548675537,1.2741999626159668,2.099468231201172
2026-07-25 13:27:45,12.014845848083496,0.057274505496025085,-0.20769265294075012,1.1535842418670654,1.2741999626159668,4.7909674644470215
2026-07-25 13:27:55,12.00076961517334,0.05360851436853409,-0.166153684258461,1.1346538066864014,1.1684000492095947,4.486771583557129
2026-07-25 13:28:05,11.984768867492676,0.04092052951455116,-0.023077450692653656,1.1337538957595825,1.1784000396728516,2.0406334400177
2026-07-25 13:28:15,11.996231079101562,0.03608256205916405,0.12923064827919006,1.126481294631958,1.2015999555587769,1.4743928909301758
2026-07-25 13:28:25,11.991153717041016,0.03934924677014351,-0.07846113294363022,1.1805634498596191,1.2591999769210815,1.293707251548767
2026-07-25 13:28:35,12.019461631774902,0.0366671197116375,0.1523076593875885,1.240524172782898,1.2680000066757202,2.9852592945098877
2026-07-25 13:28:45,12.032154083251953,0.04233899712562561,0.28615424036979675,1.255635142326355,1.3154000043869019,6.0769572257995605
2026-07-25 13:28:55,12.052692413330078,0.024998124688863754,-0.17076873779296875,1.2770830392837524,1.3154000043869019,1.0098931789398193
2026-07-25 13:29:05,12.04800033569336,0.03818981721997261,0.041538532823324203,1.2750788927078247,1.3154000043869019,1.1159776449203491
2026-07-25 13:29:15,12.033077239990234,0.04230014607310295,-0.09230804443359375,1.2274686098098755,1.2802000045776367,2.2462313175201416
2026-07-25 13:29:25,12.025230407714844,0.04331304877996445,-0.2907688319683075,1.2039438486099243,1.2802000045776367,1.7521121501922607
2026-07-25 13:29:36,12.010231018066406,0.0348108671605587,0.13846206665039062,1.2215315103530884,1.3000000715255737,2.665847063064575
2026-07-25 13:29:46,12.00707721710205,0.03380143269896507,0.0692305937409401,1.2152116298675537,1.3000000715255737,1.4885876178741455
2026-07-25 13:29:56,12.017461776733398,0.032199226319789886,-0.15230853855609894,1.145100474357605,1.2208000421524048,3.1486480236053467
2026-07-25 13:30:06,11.977768898010254,0.050870347768068314,0.18461520969867706,1.1413565874099731,1.2156000137329102,2.2981607913970947
2026-07-25 13:30:16,11.979923248291016,0.0553436316549778,-0.12923108041286469,1.170331597328186,1.2314000129699707,2.001751661300659
2026-07-25 13:30:26,11.98830795288086,0.05035163462162018,0.2907688319683075,1.1728631258010864,1.2314000129699707,2.2424604892730713
2026-07-25 13:30:36,11.975846290588379,0.03350270912051201,-0.24461482465267181,1.1892054080963135,1.2718000411987305,1.3546068668365479
2026-07-25 13:30:46,11.972692489624023,0.03530489280819893,-0.23076878488063812,1.202768087387085,1.2718000411987305,2.0754523277282715
2026-07-25 13:30:56,11.967308044433594,0.03635687008500099,0.10153814405202866,1.1954679489135742,1.2408000230789185,2.07692551612854
2026-07-25 13:31:06,11.998153686523438,0.04689404368400574,0.24923118948936462,1.1976425647735596,1.2408000230789185,6.618252754211426
2026-07-25 13:31:16,12.050538063049316,0.05564602464437485,0.1938457489013672,1.137421727180481,1.2408000230789185,1.5015599727630615
2026-07-25 13:31:27,12.02961540222168,0.07739816606044769,-0.023077011108398438,1.134304165840149,1.239799976348877,1.5221335887908936
2026-07-25 13:31:37,12.009845733642578,0.06949034333229065,-0.10153858363628387,1.1815530061721802,1.2694000005722046,2.031261682510376
2026-07-25 13:31:47,12.001538276672363,0.03745080158114433,0.2123085856437683,1.2197970151901245,1.2965999841690063,1.6851762533187866
2026-07-25 13:31:57,12.003307342529297,0.032500606030225754,-0.16153863072395325,1.2165511846542358,1.2965999841690063,1.5139306783676147
2026-07-25 13:32:07,12.002307891845703,0.03562494367361069,-0.08307706564664841,1.1551063060760498,1.2192000150680542,6.6304755210876465
2026-07-25 13:32:17,11.991768836975098,0.04474999010562897,-0.07384608685970306,1.1556651592254639,1.2788000106811523,5.451956748962402
2026-07-25 13:32:27,12.004769325256348,0.04915304481983185,-0.3184613585472107,1.2219213247299194,1.3652000427246094,2.1016314029693604
2026-07-25 13:32:37,11.974308013916016,0.04613255336880684,-0.14769305288791656,1.2525631189346313,1.3652000427246094,2.170474052429199
2026-07-25 13:32:47,11.978461265563965,0.04031914100050926,-0.20307673513889313,1.2258493900299072,1.2926000356674194,2.9518775939941406
2026-07-25 13:32:57,12.003538131713867,0.04730037972331047,0.2076922208070755,1.2076612710952759,1.2926000356674194,1.870995283126831
2026-07-25 13:33:08,12.032461166381836,0.03242650255560875,-0.08769255131483078,1.1723400354385376,1.2558000087738037,3.929096221923828
2026-07-25 13:33:18,12.045769691467285,0.017631491646170616,-0.00461505027487874,1.1812070608139038,1.2401999235153198,2.0866401195526123
2026-07-25 13:33:28,12.018922805786133,0.03837558254599571,-0.12000054866075516,1.2269240617752075,1.3037999868392944,3.0158679485321045
2026-07-25 13:34:39,12.027538299560547,0.03781861811876297,-0.17076873779296875,1.2315442562103271,1.3309999704360962,1.9708045721054077
2026-07-25 13:34:49,12.012077331542969,0.035154495388269424,0.18923026323318481,1.1493017673492432,1.205399990081787,2.430464029312134
2026-07-25 13:34:59,12.009230613708496,0.03602590411901474,-0.13846206665039062,1.170690655708313,1.2652000188827515,1.8849766254425049
2026-07-25 13:35:09,12.015076637268066,0.02806706912815571,-0.09230804443359375,1.2152348756790161,1.2652000188827515,7.152037620544434
2026-07-25 13:35:19,12.004461288452148,0.025895074009895325,0.06461510062217712,1.2201865911483765,1.2400000095367432,1.659001111984253
2026-07-25 13:35:30,12.01738452911377,0.03828134760260582,-0.023077011108398438,1.210976004600525,1.2389999628067017,3.9561781883239746
2026-07-25 13:35:40,12.037769317626953,0.033910833299160004,0.0969230979681015,1.2403117418289185,1.330399990081787,2.7483603954315186
2026-07-25 13:35:50,12.010538101196289,0.040612850338220596,-0.21230727434158325,1.2809542417526245,1.330399990081787,2.3948090076446533
2026-07-25 13:36:00,12.010461807250977,0.03913019225001335,-0.17538467049598694,1.282133936882019,1.3675999641418457,2.523500919342041
2026-07-25 13:36:10,12.013615608215332,0.041328031569719315,0.24923118948936462,1.2639812231063843,1.3675999641418457,2.4483139514923096
2026-07-25 13:36:20,12.023307800292969,0.03763774037361145,-0.23538383841514587,1.2246438264846802,1.2990000247955322,1.7576854228973389
2026-07-25 13:36:30,12.01146125793457,0.04096735641360283,-0.09230760484933853,1.2617255449295044,1.3796000480651855,2.099660873413086
2026-07-25 13:36:40,11.980692863464355,0.028125759214162827,-0.07846113294363022,1.2834254503250122,1.3796000480651855,2.1027259826660156
2026-07-25 13:36:50,12.004154205322266,0.03931301459670067,0.09692265093326569,1.1994925737380981,1.3137999773025513,2.402651071548462
2026-07-25 13:37:00,12.008615493774414,0.036939725279808044,0.041538093239068985,1.1490569114685059,1.2197999954223633,2.242310047149658
2026-07-25 13:37:11,12.020769119262695,0.0365137942135334,-0.12000054866075516,1.1593444347381592,1.2197999954223633,2.1582093238830566
2026-07-25 13:37:21,12.019153594970703,0.02654561959207058,0.10153946280479431,1.1784753799438477,1.2197999954223633,1.7689472436904907
2026-07-25 13:37:31,12.010615348815918,0.024910753592848778,-0.24000021815299988,1.1471775770187378,1.2029999494552612,3.4447507858276367
2026-07-25 13:37:41,12.002153396606445,0.02522466704249382,-0.03230755031108856,1.1256253719329834,1.1674000024795532,1.8169296979904175
2026-07-25 13:37:51,11.985154151916504,0.031662508845329285,-0.06461554020643234,1.1636157035827637,1.2446000576019287,1.80202317237854
2026-07-25 13:38:01,11.979153633117676,0.03043367527425289,-0.1384611874818802,1.2206754684448242,1.277000069618225,1.9830574989318848
2026-07-25 13:38:11,11.975615501403809,0.02903067320585251,0.046154022216796875,1.2244610786437988,1.277000069618225,1.3812812566757202
2026-07-25 13:38:21,11.993077278137207,0.03349964693188667,-0.05538500100374222,1.209659457206726,1.277000069618225,2.045612096786499
2026-07-25 13:38:31,11.98876953125,0.0379800945520401,4.4015737898916996e-07,1.1774094104766846,1.2160000801086426,1.8206998109817505
2026-07-25 13:38:42,11.975076675415039,0.030327653512358665,-0.02769206091761589,1.1624140739440918,1.2160000801086426,2.103394031524658
2026-07-25 13:38:52,11.99853801727295,0.03334458917379379,0.2907688319683075,1.1490522623062134,1.1953999996185303,1.60904860496521
2026-07-25 13:39:02,12.012845993041992,0.033421143889427185,0.17076918482780457,1.181523084640503,1.2741999626159668,2.8343560695648193
2026-07-25 13:39:12,12.026845932006836,0.025947697460651398,0.009230540134012699,1.1904851198196411,1.2741999626159668,2.4534718990325928
2026-07-25 13:39:22,12.027846336364746,0.02990206517279148,0.23538516461849213,1.1930330991744995,1.2563999891281128,2.5311479568481445
2026-07-25 13:39:32,12.022000312805176,0.03728073462843895,-0.041538532823324203,1.2028006315231323,1.2563999891281128,2.2090537548065186
2026-07-25 13:39:42,12.020230293273926,0.04295743256807327,-0.2538471221923828,1.1945154666900635,1.2381999492645264,1.4109396934509277
2026-07-25 13:39:52,11.99338436126709,0.030401309952139854,-0.05538412183523178,1.1857610940933228,1.2339999675750732,3.039992570877075
2026-07-25 13:40:02,11.992691993713379,0.02922564186155796,-0.055384561419487,1.1742558479309082,1.2339999675750732,3.32989764213562
2026-07-25 13:40:13,12.000153541564941,0.02980412170290947,-0.08307706564664841,1.1366181373596191,1.2015999555587769,2.9789979457855225
2026-07-25 13:40:23,11.99392318725586,0.03842470794916153,0.08769211173057556,1.1183804273605347,1.1591999530792236,2.190782308578491
2026-07-25 13:40:33,11.987154006958008,0.0397614911198616,-0.08307706564664841,1.1216245889663696,1.1638000011444092,1.5559743642807007
2026-07-25 13:40:43,11.976614952087402,0.041741952300071716,-0.08769211173057556,1.138809084892273,1.1718000173568726,1.5925190448760986
2026-07-25 13:40:53,11.967308044433594,0.028785333037376404,0.032307110726833344,1.1321200132369995,1.1718000173568726,1.00994074344635
2026-07-25 13:41:03,11.97700023651123,0.0356704443693161,0.09230760484933853,1.1475847959518433,1.1937999725341797,2.571160078048706
2026-07-25 13:41:13,11.978076934814453,0.03505365923047066,-0.05999961122870445,1.1456687450408936,1.2089999914169312,2.7210536003112793
2026-07-25 13:41:23,11.97115421295166,0.03683299571275711,-0.050769511610269547,1.1931095123291016,1.2940000295639038,1.926785945892334
2026-07-25 13:41:33,11.963692665100098,0.03223330155014992,-0.1707696169614792,1.2404545545578003,1.2940000295639038,2.5425713062286377
2026-07-25 13:41:44,11.951461791992188,0.03945615887641907,0.08307706564664841,1.2041493654251099,1.2732000350952148,2.076608896255493
2026-07-25 13:41:54,11.968307495117188,0.045771028846502304,0.087692990899086,1.1756647825241089,1.242400050163269,3.4129388332366943
2026-07-25 13:42:04,12.003692626953125,0.026767944917082787,-0.09230804443359375,1.2197699546813965,1.3199999332427979,2.029927968978882
2026-07-25 13:42:14,11.991230964660645,0.034499045461416245,-0.018461521714925766,1.2494524717330933,1.3199999332427979,3.3073782920837402
2026-07-25 13:42:24,11.9828462600708,0.03228328749537468,-0.16615456342697144,1.1996175050735474,1.2660000324249268,3.312581777572632
2026-07-25 13:42:34,11.982691764831543,0.017540672793984413,-0.02307657152414322,1.2017724514007568,1.2943999767303467,2.5260531902313232
2026-07-25 13:42:44,11.960615158081055,0.034559935331344604,-0.09230760484933853,1.2464827299118042,1.3295999765396118,2.7151877880096436
2026-07-25 13:42:54,11.95815372467041,0.035138942301273346,-0.036922600120306015,1.2491711378097534,1.3295999765396118,2.69970965385437
2026-07-25 13:43:05,11.963384628295898,0.03953101858496666,0.046154022216796875,1.2032294273376465,1.3051999807357788,2.291776180267334
2026-07-25 13:43:15,11.979000091552734,0.04485275596380234,-4.4015737898916996e-07,1.1380608081817627,1.2070000171661377,2.4955554008483887
2026-07-25 13:43:25,11.990922927856445,0.0477372370660305,-0.013846030458807945,1.1343082189559937,1.2128000259399414,1.9770169258117676
2026-07-25 13:43:35,11.998692512512207,0.038036227226257324,0.009230980649590492,1.2162779569625854,1.3265999555587769,1.5119680166244507
2026-07-25 13:43:45,11.99484634399414,0.033425819128751755,0.009230980649590492,1.2291752099990845,1.3265999555587769,1.8634403944015503
2026-07-25 13:43:55,11.997154235839844,0.03147735074162483,0.18923069536685944,1.1924721002578735,1.318600058555603,2.9538724422454834
2026-07-25 13:44:05,12.00607681274414,0.020972417667508125,-0.10153858363628387,1.214343786239624,1.3009999990463257,2.918064832687378
2026-07-25 13:44:15,11.996231079101562,0.025373153388500214,-0.12000010907649994,1.2127373218536377,1.3009999990463257,1.4369025230407715
2026-07-25 13:44:26,11.990922927856445,0.02055567130446434,-0.06461597979068756,1.1597248315811157,1.2769999504089355,2.794262170791626
2026-07-25 13:44:36,11.986461639404297,0.03545449301600456,-0.2815387547016144,1.1800999641418457,1.2769999504089355,2.9256386756896973
2026-07-25 13:44:46,11.979615211486816,0.03936431184411049,-0.06923103332519531,1.1868516206741333,1.2616000175476074,7.722475051879883
2026-07-25 13:44:56,11.984230995178223,0.04216213524341583,-0.10153770446777344,1.2352046966552734,1.3331999778747559,2.5909032821655273
2026-07-25 13:45:06,12.005000114440918,0.02507985383272171,-0.018462400883436203,1.2789336442947388,1.3331999778747559,2.500339984893799
2026-07-25 13:45:16,11.993692398071289,0.0403587743639946,-0.20769265294075012,1.2845818996429443,1.3331999778747559,1.6717209815979004
2026-07-25 13:45:26,12.000384330749512,0.0440140962600708,-0.018461521714925766,1.2492985725402832,1.31659996509552,2.998453140258789
2026-07-25 13:45:36,12.00076961517334,0.04473542422056198,0.013845590874552727,1.2386606931686401,1.2913999557495117,1.5950944423675537
2026-07-25 13:45:46,12.009384155273438,0.029957784339785576,-0.11538505554199219,1.2267705202102661,1.2913999557495117,1.5763827562332153
2026-07-25 13:45:57,12.016461372375488,0.03028232231736183,0.06461554020643234,1.21876859664917,1.2913999557495117,2.112428665161133
2026-07-25 13:46:07,12.010692596435547,0.03263292834162712,0.027692941948771477,1.2361319065093994,1.3610000610351562,4.1060028076171875
2026-07-25 13:46:17,12.010461807250977,0.04088752716779709,0.14769217371940613,1.264101266860962,1.3610000610351562,1.7373839616775513
2026-07-25 13:46:27,12.00684642791748,0.045993905514478683,-0.11538505554199219,1.2344075441360474,1.3610000610351562,1.3556082248687744
2026-07-25 13:46:37,11.99876880645752,0.04815387353301048,0.087692990899086,1.1805534362792969,1.2438000440597534,1.687857747077942
2026-07-25 13:46:47,11.997538566589355,0.03938493877649307,-0.17538467049598694,1.2026193141937256,1.2438000440597534,2.8114066123962402
2026-07-25 13:46:57,12.018230438232422,0.04193894937634468,0.2630772292613983,1.1849709749221802,1.2395999431610107,1.316796064376831
2026-07-25 13:47:07,12.021692276000977,0.037022706121206284,-0.20307716727256775,1.1757616996765137,1.2453999519348145,2.2769525051116943
2026-07-25 13:47:18,12.026692390441895,0.03890010714530945,-0.05999961122870445,1.206068515777588,1.2884000539779663,2.2770702838897705
2026-07-25 13:47:28,12.015384674072266,0.02822314389050007,0.09230760484933853,1.2342591285705566,1.2884000539779663,4.017980098724365
2026-07-25 13:47:38,12.009384155273438,0.023753659799695015,-0.2030762881040573,1.219449520111084,1.2649999856948853,2.4622583389282227
2026-07-25 13:47:48,11.989153861999512,0.018721986562013626,-0.09692265093326569,1.1955863237380981,1.2591999769210815,1.277506709098816
2026-07-25 13:47:58,11.999307632446289,0.0311766155064106,0.03692392259836197,1.2033919095993042,1.249400019645691,1.8847016096115112
2026-07-25 13:48:08,11.996538162231445,0.034129008650779724,-0.02769250050187111,1.2120624780654907,1.249400019645691,4.367947101593018
2026-07-25 13:48:18,12.009461402893066,0.03592544049024582,-0.1384611874818802,1.2601455450057983,1.3384000062942505,1.875422716140747
2026-07-25 13:48:28,11.990154266357422,0.0342925563454628,0.166153684258461,1.274268388748169,1.3384000062942505,1.8960485458374023
2026-07-25 13:48:38,11.994384765625,0.027989137917757034,-0.1523076593875885,1.274276614189148,1.326799988746643,1.9775832891464233
2026-07-25 13:48:49,11.963615417480469,0.04438643902540207,-0.10153814405202866,1.2301820516586304,1.326799988746643,1.7217532396316528
2026-07-25 13:48:59,11.96430778503418,0.045464057475328445,0.16153907775878906,1.2041267156600952,1.2688000202178955,1.4312671422958374
2026-07-25 13:49:09,11.985154151916504,0.04849795624613762,0.2584612965583801,1.1917719841003418,1.2561999559402466,1.2920615673065186
2026-07-25 13:49:19,12.003768920898438,0.03242192789912224,-0.17538467049598694,1.1938155889511108,1.253000020980835,1.456283450126648
2026-07-25 13:49:29,11.985307693481445,0.03404052183032036,0.10615407675504684,1.2125085592269897,1.2661999464035034,3.197638511657715
2026-07-25 13:49:39,11.984230995178223,0.03461144119501114,-0.041538532823324203,1.2503782510757446,1.3082000017166138,5.0337018966674805
2026-07-25 13:49:49,11.998615264892578,0.024234585464000702,0.10153858363628387,1.2597898244857788,1.333799958229065,2.927821159362793
2026-07-25 13:49:59,11.958846092224121,0.052351418882608414,-0.10615363717079163,1.2418327331542969,1.333799958229065,1.7034233808517456
2026-07-25 13:50:10,11.957385063171387,0.056982506066560745,0.055384561419487,1.208943247795105,1.2754000425338745,3.2952873706817627
2026-07-25 13:50:20,11.962230682373047,0.05631597340106964,0.25846174359321594,1.215293526649475,1.3107999563217163,3.8177316188812256
2026-07-25 13:50:30,12.006461143493652,0.03495626896619797,0.027691621333360672,1.2587690353393555,1.3745999336242676,1.8784313201904297
2026-07-25 13:50:40,11.997076988220215,0.0432603657245636,-0.26307767629623413,1.2783530950546265,1.3745999336242676,4.378444194793701
2026-07-25 13:50:50,11.983307838439941,0.03547893837094307,-0.2123081535100937,1.2182201147079468,1.3616000413894653,2.6840403079986572
2026-07-25 13:51:00,11.983307838439941,0.034476105123758316,-0.013846030458807945,1.1745152473449707,1.2440000772476196,2.408782482147217
2026-07-25 13:51:10,12.008999824523926,0.035074688494205475,-0.013845590874552727,1.2109092473983765,1.2798000574111938,2.8091461658477783
2026-07-25 13:51:20,12.03546142578125,0.03874391317367554,0.28153786063194275,1.1947786808013916,1.2798000574111938,1.5579403638839722
2026-07-25 13:51:30,12.040307998657227,0.04133046418428421,-0.16153907775878906,1.1482341289520264,1.2798000574111938,3.1107912063598633
2026-07-25 13:51:41,12.050461769104004,0.03391072899103165,0.02769250050187111,1.1814661026000977,1.3325999975204468,1.7538113594055176
2026-07-25 13:51:51,12.026308059692383,0.03515986353158951,-0.041538532823324203,1.2334476709365845,1.3325999975204468,3.02248215675354
2026-07-25 13:52:01,11.996000289916992,0.05885840207338333,-0.26307767629623413,1.2662588357925415,1.3486000299453735,2.1445534229278564
2026-07-25 13:52:11,11.97607707977295,0.04731068015098572,0.18461520969867706,1.2479747533798218,1.3486000299453735,1.9905686378479004
2026-07-25 13:52:21,11.980230331420898,0.04961800575256348,0.17538467049598694,1.164512276649475,1.3021999597549438,3.3799779415130615
2026-07-25 13:52:31,12.000153541564941,0.03391357883810997,0.018461080268025398,1.1530007123947144,1.2275999784469604,2.3997063636779785
2026-07-25 13:52:41,11.98923110961914,0.02325160801410675,-0.036922600120306015,1.1622141599655151,1.2275999784469604,2.1712193489074707
2026-07-25 13:52:51,11.97576904296875,0.029468683525919914,-0.018461080268025398,1.1373183727264404,1.2223999500274658,3.973654270172119
2026-07-25 13:53:01,11.992846488952637,0.04765962436795235,0.041538093239068985,1.180983066558838,1.2882000207901,2.8015573024749756
2026-07-25 13:53:11,11.997538566589355,0.046423882246017456,0.18923026323318481,1.2068891525268555,1.2882000207901,1.7301713228225708
2026-07-25 13:53:21,11.992615699768066,0.036651309579610825,-0.1569235920906067,1.2317677736282349,1.2943999767303467,2.056741714477539
2026-07-25 13:53:32,11.995845794677734,0.03506443277001381,0.30000025033950806,1.2534379959106445,1.3264000415802002,2.6633784770965576
2026-07-25 13:53:42,12.014923095703125,0.04921300709247589,0.38307687640190125,1.2969955205917358,1.3574000597000122,1.6037815809249878
2026-07-25 13:53:52,12.019537925720215,0.053849734365940094,-0.018461080268025398,1.259901762008667,1.3574000597000122,2.341196298599243
2026-07-25 13:54:02,12.002307891845703,0.04370427876710892,0.10615407675504684,1.2266862392425537,1.3142000436782837,2.4831223487854004
2026-07-25 13:54:12,11.995692253112793,0.041229963302612305,0.2076922208070755,1.182422161102295,1.2663999795913696,1.336759328842163
2026-07-25 13:54:22,11.990077018737793,0.03956488519906998,-0.018461961299180984,1.1728999614715576,1.232200026512146,1.1827419996261597
2026-07-25 13:54:32,11.998846054077148,0.03766725957393646,0.046154461801052094,1.2325925827026367,1.309999942779541,2.677328109741211
2026-07-25 13:54:42,11.983461380004883,0.032427702099084854,0.1707696169614792,1.2420772314071655,1.309999942779541,2.260474920272827
2026-07-25 13:54:53,11.98361587524414,0.032363440841436386,-0.07846157252788544,1.2858600616455078,1.3977999687194824,2.76770281791687
2026-07-25 13:55:03,12.008615493774414,0.04846489802002907,0.2353842854499817,1.2596436738967896,1.3977999687194824,2.0291543006896973
2026-07-25 13:55:13,12.022692680358887,0.03844250366091728,-0.02769250050187111,1.1963547468185425,1.2553999423980713,2.586571455001831
2026-07-25 13:55:23,12.040769577026367,0.025005100294947624,-0.11538417637348175,1.1954753398895264,1.2236000299453735,2.7610981464385986
2026-07-25 13:55:33,12.026308059692383,0.030778121203184128,-0.08307750523090363,1.194815754890442,1.2267999649047852,5.314410209655762
2026-07-25 13:55:43,12.010076522827148,0.036304209381341934,-0.110769122838974,1.1743696928024292,1.2757999897003174,2.0731799602508545
2026-07-25 13:55:53,12.009614944458008,0.03352626413106918,0.13384658098220825,1.1813830137252808,1.2757999897003174,1.3524059057235718
2026-07-25 13:56:03,12.014845848083496,0.03342580795288086,0.046153582632541656,1.2042096853256226,1.2757999897003174,1.8958390951156616
2026-07-25 13:56:14,12.025461196899414,0.02762692980468273,0.02769206091761589,1.1899131536483765,1.2577999830245972,2.449357509613037
2026-07-25 13:56:24,12.020307540893555,0.034336283802986145,0.05076863244175911,1.2053337097167969,1.2577999830245972,3.0239670276641846
2026-07-25 13:56:34,11.99853801727295,0.05211985111236572,-0.17076918482780457,1.2405673265457153,1.3502000570297241,2.1390068531036377
2026-07-25 13:56:44,11.991999626159668,0.04452827572822571,0.12000010907649994,1.258500337600708,1.3502000570297241,2.2880191802978516
2026-07-25 13:56:54,12.016922950744629,0.04586005210876465,0.2769228219985962,1.2102899551391602,1.284600019454956,3.1131668090820312
2026-07-25 13:57:04,12.009614944458008,0.04400705546140671,-0.27230775356292725,1.2345918416976929,1.3323999643325806,2.0971927642822266
2026-07-25 13:57:14,11.991461753845215,0.04451294243335724,-0.11538461595773697,1.2687171697616577,1.3323999643325806,2.302478551864624
2026-07-25 13:57:24,11.989538192749023,0.04255788400769234,-0.009230980649590492,1.2238818407058716,1.3070000410079956,1.8681055307388306
2026-07-25 13:57:34,11.996615409851074,0.03681044653058052,-0.12000010907649994,1.1783822774887085,1.2066000699996948,2.7130696773529053
2026-07-25 13:57:45,11.973691940307617,0.03192634508013725,-0.3230772614479065,1.2088984251022339,1.2685999870300293,1.3717981576919556
2026-07-25 13:57:55,11.972768783569336,0.039865512400865555,0.10153902322053909,1.200943112373352,1.2685999870300293,1.4402210712432861
2026-07-25 13:58:05,11.995230674743652,0.04839930310845375,0.24461482465267181,1.1932140588760376,1.2666000127792358,1.5948399305343628
2026-07-25 13:58:15,12.028077125549316,0.021933341398835182,0.046154022216796875,1.250990390777588,1.3658000230789185,2.5493228435516357
2026-07-25 13:58:25,12.025154113769531,0.0238338615745306,0.04615314304828644,1.3035621643066406,1.4007999897003174,2.1984660625457764
2026-07-25 13:58:35,12.003923416137695,0.032265618443489075,0.0,1.2717547416687012,1.4007999897003174,2.1030871868133545
2026-07-25 13:58:45,12.010923385620117,0.035493165254592896,-0.00461505027487874,1.2731810808181763,1.4005999565124512,2.056939125061035
2026-07-25 13:58:55,12.007615089416504,0.027180446311831474,0.1384611874818802,1.2631332874298096,1.4005999565124512,1.792219638824463
2026-07-25 13:59:06,12.019000053405762,0.03820288926362991,0.0692305937409401,1.218732476234436,1.367799997329712,4.29327917098999
2026-07-25 13:59:16,12.01269245147705,0.05136880278587341,-0.1476934850215912,1.2179217338562012,1.284999966621399,2.7875795364379883
2026-07-25 13:59:26,12.018461227416992,0.05083401873707771,-0.05076863244175911,1.2700897455215454,1.3229999542236328,1.1886135339736938
2026-07-25 13:59:36,11.98823070526123,0.03206401318311691,-0.1799997240304947,1.2709754705429077,1.3229999542236328,0.8635701537132263
2026-07-25 13:59:46,12.002384185791016,0.028673332184553146,-0.046154022216796875,1.2273930311203003,1.3154000043869019,2.6198296546936035
2026-07-25 13:59:56,11.98138427734375,0.04184874892234802,-0.1800001561641693,1.1740615367889404,1.2236000299453735,2.0565056800842285
2026-07-25 14:00:06,11.970307350158691,0.03926911950111389,-0.16615413129329681,1.171314001083374,1.2733999490737915,3.2165706157684326
2026-07-25 14:00:16,11.960999488830566,0.030170047655701637,-0.03230755031108856,1.2076027393341064,1.2733999490737915,1.5697429180145264
2026-07-25 14:00:26,11.9686918258667,0.02523088827729225,0.03230755031108856,1.203221321105957,1.2733999490737915,1.6137499809265137
2026-07-25 14:00:36,11.974923133850098,0.024483751505613327,0.06461554020643234,1.1750354766845703,1.2621999979019165,2.3252623081207275
2026-07-25 14:00:47,11.992461204528809,0.03004259243607521,4.4015737898916996e-07,1.1473844051361084,1.2621999979019165,2.8132567405700684
2026-07-25 14:00:57,12.00707721710205,0.04435943439602852,0.3092308044433594,1.1637935638427734,1.322200059890747,3.18556547164917
2026-07-25 14:01:07,12.012845993041992,0.04322802647948265,-0.023077011108398438,1.2396003007888794,1.3384000062942505,2.3194570541381836
2026-07-25 14:01:17,12.010615348815918,0.03890319913625717,-0.15230721235275269,1.2375907897949219,1.3384000062942505,3.9756860733032227
2026-07-25 14:01:27,11.989692687988281,0.0351947583258152,-0.193846195936203,1.1814994812011719,1.3037999868392944,2.0553689002990723
2026-07-25 14:01:37,11.992384910583496,0.039113305509090424,0.013845590874552727,1.1914986371994019,1.3229999542236328,1.6875956058502197
2026-07-25 14:01:47,11.998000144958496,0.03686148673295975,0.018461080268025398,1.2547777891159058,1.3345999717712402,1.1606825590133667
2026-07-25 14:01:57,12.002307891845703,0.024259435012936592,-0.15230721235275269,1.2587671279907227,1.3345999717712402,2.049858570098877
2026-07-25 14:02:07,11.982231140136719,0.028669601306319237,0.046153582632541656,1.267890453338623,1.3325999975204468,4.473633289337158
2026-07-25 14:02:18,11.97607707977295,0.027654344215989113,0.06923103332519531,1.2356033325195312,1.3015999794006348,1.828189730644226
